#ifdef __has_include
    #if __has_include("lvgl.h")
        #ifndef LV_LVGL_H_INCLUDE_SIMPLE
            #define LV_LVGL_H_INCLUDE_SIMPLE
        #endif
    #endif
#endif

#if defined(LV_LVGL_H_INCLUDE_SIMPLE)
    #include "lvgl.h"
#else
    #include "lvgl/lvgl.h"
#endif


#ifndef LV_ATTRIBUTE_MEM_ALIGN
#define LV_ATTRIBUTE_MEM_ALIGN
#endif

#ifndef LV_ATTRIBUTE_IMAGE_DEEPSEEK_BASIC
#define LV_ATTRIBUTE_IMAGE_DEEPSEEK_BASIC
#endif

const LV_ATTRIBUTE_MEM_ALIGN LV_ATTRIBUTE_LARGE_CONST LV_ATTRIBUTE_IMAGE_DEEPSEEK_BASIC uint8_t DEEPSEEK_basic_map[] = {
  0x00, 0x00, 0x00, 0x00, 0x00, 0x00, 0x00, 0x00, 0x00, 0x00, 0x00, 0x00, 0x00, 0x00, 0x00, 0x00, 0x00, 0x00, 0x00, 0x00, 0x00, 0x00, 0x00, 0x00, 0x00, 0x00, 0x00, 0x00, 0x00, 0x00, 0x00, 0x00, 
  0x00, 0x00, 0x00, 0x00, 0x00, 0x00, 0x00, 0x00, 0x00, 0x00, 0x00, 0x00, 0x00, 0x00, 0x00, 0x00, 0x00, 0x00, 0x00, 0x00, 0x00, 0x00, 0x00, 0x00, 0x00, 0x00, 0x00, 0x00, 0x00, 0x00, 0x00, 0x00, 
  0x00, 0x00, 0x00, 0x00, 0x00, 0x00, 0x00, 0x00, 0x00, 0x00, 0x00, 0x00, 0x00, 0x00, 0x00, 0x00, 0x00, 0x00, 0x00, 0x00, 0x00, 0x00, 0x00, 0x00, 0x00, 0x00, 0x00, 0x00, 0x00, 0x00, 0x00, 0x00, 
  0x00, 0x00, 0x00, 0x00, 0x00, 0x00, 0x00, 0x00, 0x00, 0x00, 0x00, 0x00, 0x00, 0x00, 0x00, 0x00, 0x00, 0x00, 0x00, 0x00, 0x00, 0x00, 0x00, 0x00, 0x00, 0x00, 0x00, 0x00, 0x00, 0x00, 0x00, 0x00, 
  0x00, 0x00, 0x00, 0x00, 0x00, 0x00, 0x00, 0x00, 0x00, 0x00, 0x00, 0x00, 0x00, 0x00, 0x00, 0x00, 0x00, 0x00, 0x00, 0x00, 0x00, 0x00, 0x00, 0x00, 0x00, 0x00, 0x00, 0x00, 0x9F, 0x53, 0x00, 0x00, 
  0x00, 0x00, 0x00, 0x00, 0x00, 0x00, 0x00, 0x00, 0x00, 0x00, 0x00, 0x00, 0x00, 0x00, 0x00, 0x00, 0x00, 0x00, 0x00, 0x00, 0x00, 0x00, 0x00, 0x00, 0x00, 0x00, 0x00, 0x00, 0x00, 0x00, 0x00, 0x00, 
  0x00, 0x00, 0x00, 0x00, 0x00, 0x00, 0x00, 0x00, 0x00, 0x00, 0x00, 0x00, 0x00, 0x00, 0x00, 0x00, 0x00, 0x00, 0x00, 0x00, 0x00, 0x00, 0x00, 0x00, 0x00, 0x00, 0x00, 0x00, 0x00, 0x00, 0x00, 0x00, 
  0x00, 0x00, 0x00, 0x00, 0x00, 0x00, 0x00, 0x00, 0x00, 0x00, 0x00, 0x00, 0x00, 0x00, 0x00, 0x00, 0x00, 0x00, 0x00, 0x00, 0x00, 0x00, 0x00, 0x00, 0x00, 0x00, 0x00, 0x00, 0x00, 0x00, 0x00, 0x00, 
  0x00, 0x00, 0x00, 0x00, 0x00, 0x00, 0x00, 0x00, 0x00, 0x00, 0x00, 0x00, 0x00, 0x00, 0x00, 0x00, 0x00, 0x00, 0x00, 0x00, 0x00, 0x00, 0x00, 0x00, 0x00, 0x00, 0x00, 0x00, 0x00, 0x00, 0x00, 0x00, 
  0x00, 0x00, 0x00, 0x00, 0x00, 0x00, 0x00, 0x00, 0x00, 0x00, 0x00, 0x00, 0x00, 0x00, 0x00, 0x00, 0x00, 0x00, 0x00, 0x00, 0x00, 0x00, 0x00, 0x00, 0x00, 0x00, 0x00, 0x00, 0x00, 0x00, 0x00, 0x00, 
  0x00, 0x00, 0x00, 0x00, 0x00, 0x00, 0x00, 0x00, 0x00, 0x00, 0x00, 0x00, 0x00, 0x00, 0x00, 0x00, 0x00, 0x00, 0x00, 0x00, 0x00, 0x00, 0x00, 0x00, 0x00, 0x00, 0x00, 0x00, 0x00, 0x00, 0x00, 0x00, 
  0x00, 0x00, 0x00, 0x00, 0x00, 0x00, 0x00, 0x00, 0x00, 0x00, 0x00, 0x00, 0x00, 0x00, 0x00, 0x00, 0x00, 0x00, 0x00, 0x00, 0x00, 0x00, 0x00, 0x00, 0x00, 0x00, 0x00, 0x00, 0x00, 0x00, 0x7F, 0x53, 
  0xDF, 0x53, 0x5F, 0x4B, 0x00, 0x00, 0x00, 0x00, 0x00, 0x00, 0x00, 0x00, 0x00, 0x00, 0x00, 0x00, 0x00, 0x00, 0x00, 0x00, 0x00, 0x00, 0x00, 0x00, 0x00, 0x00, 0x00, 0x00, 0x00, 0x00, 0x00, 0x00, 
  0x00, 0x00, 0x00, 0x00, 0x00, 0x00, 0x00, 0x00, 0x00, 0x00, 0x00, 0x00, 0x00, 0x00, 0x00, 0x00, 0x00, 0x00, 0x00, 0x00, 0x00, 0x00, 0x00, 0x00, 0x00, 0x00, 0x00, 0x00, 0x00, 0x00, 0x00, 0x00, 
  0x00, 0x00, 0x00, 0x00, 0x00, 0x00, 0x00, 0x00, 0x00, 0x00, 0x00, 0x00, 0x00, 0x00, 0x00, 0x00, 0x00, 0x00, 0x00, 0x00, 0x00, 0x00, 0x00, 0x00, 0x00, 0x00, 0x00, 0x00, 0x00, 0x00, 0x00, 0x00, 
  0x00, 0x00, 0x00, 0x00, 0x00, 0x00, 0x00, 0x00, 0x00, 0x00, 0x00, 0x00, 0x00, 0x00, 0x00, 0x00, 0x00, 0x00, 0x00, 0x00, 0x00, 0x00, 0x00, 0x00, 0x00, 0x00, 0x00, 0x00, 0x00, 0x00, 0x00, 0x00, 
  0x00, 0x00, 0x00, 0x00, 0x00, 0x00, 0x00, 0x00, 0x00, 0x00, 0x00, 0x00, 0x00, 0x00, 0x00, 0x00, 0x00, 0x00, 0x00, 0x00, 0x00, 0x00, 0x00, 0x00, 0x00, 0x00, 0x00, 0x00, 0x00, 0x00, 0x00, 0x00, 
  0x00, 0x00, 0x00, 0x00, 0x00, 0x00, 0x00, 0x00, 0x00, 0x00, 0x00, 0x00, 0x00, 0x00, 0x00, 0x00, 0x00, 0x00, 0x7F, 0x4B, 0x5F, 0x4B, 0x5F, 0x4B, 0x5F, 0x4B, 0x7F, 0x4B, 0x9F, 0x53, 0x00, 0x00, 
  0x00, 0x00, 0x00, 0x00, 0x00, 0x00, 0x00, 0x00, 0x00, 0x00, 0x00, 0x00, 0x00, 0x00, 0x00, 0x00, 0x00, 0x00, 0x00, 0x00, 0x00, 0x00, 0x00, 0x00, 0x00, 0x00, 0x00, 0x00, 0x00, 0x00, 0x00, 0x00, 
  0x5F, 0x4B, 0xBF, 0x53, 0x7F, 0x4B, 0x5F, 0x4B, 0x00, 0x00, 0x00, 0x00, 0x00, 0x00, 0x00, 0x00, 0x00, 0x00, 0x00, 0x00, 0x00, 0x00, 0x00, 0x00, 0x00, 0x00, 0x00, 0x00, 0x00, 0x00, 0x00, 0x00, 
  0x00, 0x00, 0x00, 0x00, 0x00, 0x00, 0x00, 0x00, 0x00, 0x00, 0x00, 0x00, 0x00, 0x00, 0x00, 0x00, 0x00, 0x00, 0x00, 0x00, 0x00, 0x00, 0x00, 0x00, 0x00, 0x00, 0x00, 0x00, 0x00, 0x00, 0x00, 0x00, 
  0x00, 0x00, 0x00, 0x00, 0x00, 0x00, 0x00, 0x00, 0x00, 0x00, 0x00, 0x00, 0x00, 0x00, 0x00, 0x00, 0x00, 0x00, 0x00, 0x00, 0x00, 0x00, 0x00, 0x00, 0x00, 0x00, 0x00, 0x00, 0x00, 0x00, 0x00, 0x00, 
  0x00, 0x00, 0x00, 0x00, 0x00, 0x00, 0x00, 0x00, 0x00, 0x00, 0x00, 0x00, 0x00, 0x00, 0x00, 0x00, 0x00, 0x00, 0x00, 0x00, 0x00, 0x00, 0x00, 0x00, 0x00, 0x00, 0x00, 0x00, 0x00, 0x00, 0x00, 0x00, 
  0x00, 0x00, 0x00, 0x00, 0x00, 0x00, 0x00, 0x00, 0x00, 0x00, 0x00, 0x00, 0x00, 0x00, 0x00, 0x00, 0x00, 0x00, 0x00, 0x00, 0x00, 0x00, 0x00, 0x00, 0x00, 0x00, 0x00, 0x00, 0x00, 0x00, 0x00, 0x00, 
  0x00, 0x00, 0x00, 0x00, 0x00, 0x00, 0x00, 0x00, 0x00, 0x00, 0x00, 0x00, 0x00, 0x00, 0x7F, 0x4B, 0x5F, 0x4B, 0x7F, 0x4B, 0x9F, 0x53, 0x9F, 0x53, 0x9F, 0x53, 0x9F, 0x53, 0x9F, 0x53, 0x9F, 0x53, 
  0xDF, 0x5B, 0x5F, 0x4B, 0x00, 0x00, 0x00, 0x00, 0x00, 0x00, 0x00, 0x00, 0x00, 0x00, 0x00, 0x00, 0x00, 0x00, 0x00, 0x00, 0x00, 0x00, 0x00, 0x00, 0x00, 0x00, 0x00, 0x00, 0x00, 0x00, 0x00, 0x00, 
  0x00, 0x00, 0x00, 0x00, 0x5F, 0x4B, 0x7F, 0x4B, 0x5F, 0x4B, 0x9F, 0x53, 0x00, 0x00, 0x00, 0x00, 0x00, 0x00, 0x00, 0x00, 0x00, 0x00, 0x00, 0x00, 0x00, 0x00, 0x00, 0x00, 0x00, 0x00, 0x00, 0x00, 
  0x00, 0x00, 0x00, 0x00, 0x00, 0x00, 0x00, 0x00, 0x00, 0x00, 0x00, 0x00, 0x00, 0x00, 0x00, 0x00, 0x00, 0x00, 0x00, 0x00, 0x00, 0x00, 0x00, 0x00, 0x00, 0x00, 0x00, 0x00, 0x00, 0x00, 0x00, 0x00, 
  0x00, 0x00, 0x00, 0x00, 0x00, 0x00, 0x00, 0x00, 0x00, 0x00, 0x00, 0x00, 0x00, 0x00, 0x00, 0x00, 0x00, 0x00, 0x00, 0x00, 0x00, 0x00, 0x00, 0x00, 0x00, 0x00, 0x00, 0x00, 0x00, 0x00, 0x00, 0x00, 
  0x00, 0x00, 0x00, 0x00, 0x00, 0x00, 0x00, 0x00, 0x00, 0x00, 0x00, 0x00, 0x00, 0x00, 0x00, 0x00, 0x00, 0x00, 0x00, 0x00, 0x00, 0x00, 0x00, 0x00, 0x00, 0x00, 0x00, 0x00, 0x00, 0x00, 0x00, 0x00, 
  0x00, 0x00, 0x00, 0x00, 0x00, 0x00, 0x00, 0x00, 0x00, 0x00, 0x00, 0x00, 0x00, 0x00, 0x00, 0x00, 0x00, 0x00, 0x00, 0x00, 0x00, 0x00, 0x00, 0x00, 0x00, 0x00, 0x00, 0x00, 0x00, 0x00, 0x00, 0x00, 
  0x00, 0x00, 0x00, 0x00, 0x00, 0x00, 0x00, 0x00, 0x00, 0x00, 0x00, 0x00, 0x7F, 0x4B, 0x5F, 0x4B, 0x9F, 0x53, 0x9F, 0x53, 0x7F, 0x4B, 0x7F, 0x4B, 0x5F, 0x4B, 0x5F, 0x4B, 0x5F, 0x4B, 0x5F, 0x4B, 
  0x5F, 0x4B, 0x9F, 0x53, 0x5F, 0x4B, 0x00, 0x00, 0x00, 0x00, 0x00, 0x00, 0x00, 0x00, 0x00, 0x00, 0x00, 0x00, 0x00, 0x00, 0x00, 0x00, 0x00, 0x00, 0x00, 0x00, 0x00, 0x00, 0x00, 0x00, 0x00, 0x00, 
  0x00, 0x00, 0x00, 0x00, 0x00, 0x00, 0x00, 0x00, 0x9F, 0x53, 0x5F, 0x4B, 0x5F, 0x4B, 0x9F, 0x53, 0x5F, 0x4B, 0x00, 0x00, 0x00, 0x00, 0x00, 0x00, 0x00, 0x00, 0x00, 0x00, 0x00, 0x00, 0x00, 0x00, 
  0x00, 0x00, 0x00, 0x00, 0x00, 0x00, 0x00, 0x00, 0x00, 0x00, 0x00, 0x00, 0x00, 0x00, 0x00, 0x00, 0x00, 0x00, 0x00, 0x00, 0x00, 0x00, 0x00, 0x00, 0x00, 0x00, 0x00, 0x00, 0x00, 0x00, 0x00, 0x00, 
  0x00, 0x00, 0x00, 0x00, 0x00, 0x00, 0x00, 0x00, 0x00, 0x00, 0x00, 0x00, 0x00, 0x00, 0x00, 0x00, 0x00, 0x00, 0x00, 0x00, 0x00, 0x00, 0x00, 0x00, 0x00, 0x00, 0x00, 0x00, 0x00, 0x00, 0x00, 0x00, 
  0x00, 0x00, 0x00, 0x00, 0x00, 0x00, 0x00, 0x00, 0x00, 0x00, 0x00, 0x00, 0x00, 0x00, 0x00, 0x00, 0x00, 0x00, 0x00, 0x00, 0x00, 0x00, 0x00, 0x00, 0x00, 0x00, 0x00, 0x00, 0x00, 0x00, 0x00, 0x00, 
  0x00, 0x00, 0x00, 0x00, 0x00, 0x00, 0x00, 0x00, 0x00, 0x00, 0x00, 0x00, 0x00, 0x00, 0x5F, 0x4B, 0x5F, 0x4B, 0x5F, 0x4B, 0x5F, 0x4B, 0x5F, 0x4B, 0x5F, 0x4B, 0x5F, 0x4B, 0x7F, 0x4B, 0x00, 0x00, 
  0x00, 0x00, 0x00, 0x00, 0x00, 0x00, 0x00, 0x00, 0x00, 0x00, 0x7F, 0x4B, 0x5F, 0x4B, 0x9F, 0x53, 0x9F, 0x53, 0x7F, 0x4B, 0x7F, 0x4B, 0x5F, 0x4B, 0x5F, 0x4B, 0x5F, 0x4B, 0x5F, 0x4B, 0x5F, 0x4B, 
  0x5F, 0x4B, 0x5F, 0x4B, 0x9F, 0x53, 0x7F, 0x4B, 0x00, 0x00, 0x00, 0x00, 0x00, 0x00, 0x00, 0x00, 0x00, 0x00, 0x00, 0x00, 0x00, 0x00, 0x00, 0x00, 0x00, 0x00, 0x00, 0x00, 0x00, 0x00, 0x00, 0x00, 
  0x00, 0x00, 0x00, 0x00, 0x00, 0x00, 0x00, 0x00, 0x00, 0x00, 0x5F, 0x4B, 0x9F, 0x53, 0x5F, 0x4B, 0x5F, 0x4B, 0x5F, 0x4B, 0x9F, 0x53, 0x00, 0x00, 0x00, 0x00, 0x00, 0x00, 0x00, 0x00, 0x00, 0x00, 
  0x00, 0x00, 0x00, 0x00, 0x00, 0x00, 0x00, 0x00, 0x00, 0x00, 0x00, 0x00, 0x00, 0x00, 0x00, 0x00, 0x00, 0x00, 0x00, 0x00, 0x00, 0x00, 0x00, 0x00, 0x00, 0x00, 0x00, 0x00, 0x00, 0x00, 0x00, 0x00, 
  0x00, 0x00, 0x00, 0x00, 0x00, 0x00, 0x00, 0x00, 0x00, 0x00, 0x00, 0x00, 0x00, 0x00, 0x00, 0x00, 0x00, 0x00, 0x00, 0x00, 0x00, 0x00, 0x00, 0x00, 0x00, 0x00, 0x00, 0x00, 0x00, 0x00, 0x00, 0x00, 
  0x00, 0x00, 0x00, 0x00, 0x00, 0x00, 0x00, 0x00, 0x00, 0x00, 0x00, 0x00, 0x00, 0x00, 0x00, 0x00, 0x00, 0x00, 0x00, 0x00, 0x00, 0x00, 0x00, 0x00, 0x00, 0x00, 0x00, 0x00, 0x00, 0x00, 0x00, 0x00, 
  0x00, 0x00, 0x00, 0x00, 0x00, 0x00, 0x7F, 0x4B, 0x5F, 0x4B, 0x7F, 0x4B, 0x5F, 0x4B, 0x9F, 0x53, 0xBF, 0x53, 0x9F, 0x53, 0x9F, 0x53, 0x9F, 0x53, 0x9F, 0x53, 0x9F, 0x53, 0x9F, 0x53, 0x9F, 0x53, 
  0x9F, 0x53, 0xBF, 0x53, 0x9F, 0x53, 0x5F, 0x4B, 0x5F, 0x4B, 0x5F, 0x4B, 0x9F, 0x53, 0x9F, 0x53, 0x7F, 0x4B, 0x7F, 0x4B, 0x5F, 0x4B, 0x5F, 0x4B, 0x5F, 0x4B, 0x5F, 0x4B, 0x5F, 0x4B, 0x5F, 0x4B, 
  0x5F, 0x4B, 0x5F, 0x4B, 0x5F, 0x4B, 0x9F, 0x53, 0x7F, 0x4B, 0x00, 0x00, 0x00, 0x00, 0x00, 0x00, 0x00, 0x00, 0x00, 0x00, 0x00, 0x00, 0x00, 0x00, 0x00, 0x00, 0x00, 0x00, 0x00, 0x00, 0x00, 0x00, 
  0x00, 0x00, 0x00, 0x00, 0x00, 0x00, 0x00, 0x00, 0x00, 0x00, 0x00, 0x00, 0x00, 0x00, 0x5F, 0x4B, 0x7F, 0x53, 0x5F, 0x4B, 0x5F, 0x4B, 0x5F, 0x4B, 0x7F, 0x4B, 0x7F, 0x4B, 0x00, 0x00, 0x00, 0x00, 
  0x00, 0x00, 0x00, 0x00, 0x00, 0x00, 0x00, 0x00, 0x00, 0x00, 0x00, 0x00, 0x00, 0x00, 0x00, 0x00, 0x00, 0x00, 0x00, 0x00, 0x00, 0x00, 0x00, 0x00, 0x00, 0x00, 0x00, 0x00, 0x00, 0x00, 0x00, 0x00, 
  0x00, 0x00, 0x00, 0x00, 0x00, 0x00, 0x00, 0x00, 0x00, 0x00, 0x00, 0x00, 0x00, 0x00, 0x00, 0x00, 0x00, 0x00, 0x00, 0x00, 0x00, 0x00, 0x00, 0x00, 0x00, 0x00, 0x00, 0x00, 0x00, 0x00, 0x00, 0x00, 
  0x00, 0x00, 0x00, 0x00, 0x00, 0x00, 0x00, 0x00, 0x00, 0x00, 0x00, 0x00, 0x00, 0x00, 0x00, 0x00, 0x00, 0x00, 0x00, 0x00, 0x00, 0x00, 0x00, 0x00, 0x00, 0x00, 0x00, 0x00, 0x00, 0x00, 0x00, 0x00, 
  0x00, 0x00, 0x00, 0x00, 0x7F, 0x4B, 0x5F, 0x4B, 0x9F, 0x53, 0x9F, 0x53, 0x7F, 0x53, 0x7F, 0x4B, 0x7F, 0x4B, 0x5F, 0x4B, 0x5F, 0x4B, 0x5F, 0x4B, 0x5F, 0x4B, 0x5F, 0x4B, 0x5F, 0x4B, 0x5F, 0x4B, 
  0x5F, 0x4B, 0x5F, 0x4B, 0x5F, 0x4B, 0x5F, 0x4B, 0x7F, 0x4B, 0x7F, 0x4B, 0x7F, 0x4B, 0x7F, 0x4B, 0x7F, 0x4B, 0x5F, 0x4B, 0x5F, 0x4B, 0x5F, 0x4B, 0x5F, 0x4B, 0x5F, 0x4B, 0x5F, 0x4B, 0x5F, 0x4B, 
  0x5F, 0x4B, 0x5F, 0x4B, 0x5F, 0x4B, 0x5F, 0x4B, 0x7F, 0x4B, 0x7F, 0x53, 0x00, 0x00, 0x00, 0x00, 0x00, 0x00, 0x00, 0x00, 0x00, 0x00, 0x00, 0x00, 0x00, 0x00, 0x00, 0x00, 0x00, 0x00, 0x00, 0x00, 
  0x00, 0x00, 0x00, 0x00, 0x00, 0x00, 0x00, 0x00, 0x00, 0x00, 0x00, 0x00, 0x00, 0x00, 0x00, 0x00, 0x00, 0x00, 0x5F, 0x4B, 0x7F, 0x4B, 0x5F, 0x4B, 0x5F, 0x4B, 0x5F, 0x4B, 0x5F, 0x4B, 0x7F, 0x4B, 
  0x9F, 0x53, 0x5F, 0x4B, 0x00, 0x00, 0x00, 0x00, 0x00, 0x00, 0x00, 0x00, 0x00, 0x00, 0x00, 0x00, 0x00, 0x00, 0x00, 0x00, 0x00, 0x00, 0x00, 0x00, 0x00, 0x00, 0x00, 0x00, 0x00, 0x00, 0x00, 0x00, 
  0x00, 0x00, 0x00, 0x00, 0x00, 0x00, 0x00, 0x00, 0x00, 0x00, 0x00, 0x00, 0x00, 0x00, 0x00, 0x00, 0x00, 0x00, 0x00, 0x00, 0x00, 0x00, 0x00, 0x00, 0x9F, 0x53, 0x5F, 0x4B, 0x00, 0x00, 0x00, 0x00, 
  0x00, 0x00, 0x00, 0x00, 0x00, 0x00, 0x00, 0x00, 0x00, 0x00, 0x00, 0x00, 0x00, 0x00, 0x00, 0x00, 0x00, 0x00, 0x00, 0x00, 0x00, 0x00, 0x00, 0x00, 0x00, 0x00, 0x00, 0x00, 0x00, 0x00, 0x00, 0x00, 
  0x00, 0x00, 0x00, 0x00, 0x7F, 0x4B, 0x9F, 0x53, 0x9F, 0x53, 0x7F, 0x4B, 0x7F, 0x4B, 0x5F, 0x4B, 0x5F, 0x4B, 0x5F, 0x4B, 0x5F, 0x4B, 0x5F, 0x4B, 0x5F, 0x4B, 0x5F, 0x4B, 0x5F, 0x4B, 0x5F, 0x4B, 
  0x5F, 0x4B, 0x5F, 0x4B, 0x5F, 0x4B, 0x5F, 0x4B, 0x5F, 0x4B, 0x5F, 0x4B, 0x5F, 0x4B, 0x5F, 0x4B, 0x5F, 0x4B, 0x5F, 0x4B, 0x5F, 0x4B, 0x5F, 0x4B, 0x5F, 0x4B, 0x5F, 0x4B, 0x5F, 0x4B, 0x5F, 0x4B, 
  0x5F, 0x4B, 0x5F, 0x4B, 0x5F, 0x4B, 0x5F, 0x4B, 0x5F, 0x4B, 0x5F, 0x4B, 0x7F, 0x4B, 0x5F, 0x4B, 0x00, 0x00, 0x00, 0x00, 0x00, 0x00, 0x00, 0x00, 0x00, 0x00, 0x00, 0x00, 0x00, 0x00, 0x00, 0x00, 
  0x00, 0x00, 0x00, 0x00, 0x00, 0x00, 0x00, 0x00, 0x00, 0x00, 0x00, 0x00, 0x00, 0x00, 0x00, 0x00, 0x00, 0x00, 0x00, 0x00, 0x00, 0x00, 0x5F, 0x4B, 0x7F, 0x4B, 0x5F, 0x4B, 0x5F, 0x4B, 0x5F, 0x4B, 
  0x5F, 0x4B, 0x5F, 0x4B, 0x7F, 0x4B, 0x9F, 0x53, 0x7F, 0x4B, 0x7F, 0x4B, 0x00, 0x00, 0x00, 0x00, 0x00, 0x00, 0x00, 0x00, 0x00, 0x00, 0x00, 0x00, 0x00, 0x00, 0x00, 0x00, 0x00, 0x00, 0x00, 0x00, 
  0x00, 0x00, 0x00, 0x00, 0x00, 0x00, 0x00, 0x00, 0x00, 0x00, 0x00, 0x00, 0x00, 0x00, 0x00, 0x00, 0x00, 0x00, 0x00, 0x00, 0x00, 0x00, 0x00, 0x00, 0x00, 0x00, 0x9F, 0x53, 0x9F, 0x53, 0x9F, 0x53, 
  0x00, 0x00, 0x00, 0x00, 0x00, 0x00, 0x00, 0x00, 0x00, 0x00, 0x00, 0x00, 0x00, 0x00, 0x00, 0x00, 0x00, 0x00, 0x00, 0x00, 0x00, 0x00, 0x00, 0x00, 0x00, 0x00, 0x00, 0x00, 0x00, 0x00, 0x00, 0x00, 
  0x00, 0x00, 0x00, 0x00, 0x7F, 0x4B, 0x9F, 0x53, 0x9F, 0x53, 0x7F, 0x4B, 0x5F, 0x4B, 0x5F, 0x4B, 0x5F, 0x4B, 0x5F, 0x4B, 0x5F, 0x4B, 0x5F, 0x4B, 0x5F, 0x4B, 0x5F, 0x4B, 0x5F, 0x4B, 0x5F, 0x4B, 
  0x5F, 0x4B, 0x5F, 0x4B, 0x5F, 0x4B, 0x5F, 0x4B, 0x5F, 0x4B, 0x5F, 0x4B, 0x5F, 0x4B, 0x5F, 0x4B, 0x5F, 0x4B, 0x5F, 0x4B, 0x5F, 0x4B, 0x5F, 0x4B, 0x5F, 0x4B, 0x5F, 0x4B, 0x5F, 0x4B, 0x5F, 0x4B, 
  0x5F, 0x4B, 0x5F, 0x4B, 0x5F, 0x4B, 0x5F, 0x4B, 0x5F, 0x4B, 0x5F, 0x4B, 0x5F, 0x4B, 0x5F, 0x4B, 0x7F, 0x4B, 0x5F, 0x4B, 0x00, 0x00, 0x00, 0x00, 0x00, 0x00, 0x00, 0x00, 0x00, 0x00, 0x00, 0x00, 
  0x00, 0x00, 0x00, 0x00, 0x00, 0x00, 0x00, 0x00, 0x00, 0x00, 0x00, 0x00, 0x00, 0x00, 0x00, 0x00, 0x00, 0x00, 0x00, 0x00, 0x00, 0x00, 0x00, 0x00, 0x00, 0x00, 0x5F, 0x4B, 0x7F, 0x4B, 0x5F, 0x4B, 
  0x5F, 0x4B, 0x5F, 0x4B, 0x5F, 0x4B, 0x5F, 0x4B, 0x5F, 0x4B, 0x5F, 0x4B, 0x7F, 0x4B, 0x9F, 0x53, 0x7F, 0x4B, 0x7F, 0x4B, 0x00, 0x00, 0x00, 0x00, 0x00, 0x00, 0x00, 0x00, 0x00, 0x00, 0x00, 0x00, 
  0x00, 0x00, 0x00, 0x00, 0x00, 0x00, 0x00, 0x00, 0x00, 0x00, 0x00, 0x00, 0x00, 0x00, 0x00, 0x00, 0x00, 0x00, 0x00, 0x00, 0x00, 0x00, 0x00, 0x00, 0x00, 0x00, 0x00, 0x00, 0x9F, 0x53, 0x7F, 0x4B, 
  0x7F, 0x4B, 0x9F, 0x53, 0x00, 0x00, 0x00, 0x00, 0x00, 0x00, 0x00, 0x00, 0x00, 0x00, 0x00, 0x00, 0x00, 0x00, 0x00, 0x00, 0x00, 0x00, 0x00, 0x00, 0x00, 0x00, 0x00, 0x00, 0x00, 0x00, 0x00, 0x00, 
  0x00, 0x00, 0x00, 0x00, 0x7F, 0x4B, 0x7F, 0x53, 0x9F, 0x53, 0x5F, 0x4B, 0x5F, 0x4B, 0x5F, 0x4B, 0x5F, 0x4B, 0x5F, 0x4B, 0x5F, 0x4B, 0x5F, 0x4B, 0x5F, 0x4B, 0x5F, 0x4B, 0x5F, 0x4B, 0x5F, 0x4B, 
  0x5F, 0x4B, 0x5F, 0x4B, 0x5F, 0x4B, 0x5F, 0x4B, 0x5F, 0x4B, 0x5F, 0x4B, 0x5F, 0x4B, 0x5F, 0x4B, 0x5F, 0x4B, 0x5F, 0x4B, 0x5F, 0x4B, 0x5F, 0x4B, 0x5F, 0x4B, 0x5F, 0x4B, 0x5F, 0x4B, 0x5F, 0x4B, 
  0x5F, 0x4B, 0x5F, 0x4B, 0x5F, 0x4B, 0x5F, 0x4B, 0x5F, 0x4B, 0x5F, 0x4B, 0x5F, 0x4B, 0x5F, 0x4B, 0x5F, 0x4B, 0x5F, 0x4B, 0x7F, 0x4B, 0x7F, 0x4B, 0x00, 0x00, 0x00, 0x00, 0x00, 0x00, 0x00, 0x00, 
  0x00, 0x00, 0x00, 0x00, 0x00, 0x00, 0x00, 0x00, 0x00, 0x00, 0x00, 0x00, 0x00, 0x00, 0x00, 0x00, 0x00, 0x00, 0x00, 0x00, 0x00, 0x00, 0x00, 0x00, 0x00, 0x00, 0x00, 0x00, 0x00, 0x00, 0x5F, 0x4B, 
  0x7F, 0x4B, 0x5F, 0x4B, 0x5F, 0x4B, 0x5F, 0x4B, 0x5F, 0x4B, 0x5F, 0x4B, 0x5F, 0x4B, 0x5F, 0x4B, 0x5F, 0x4B, 0x5F, 0x4B, 0x7F, 0x4B, 0x9F, 0x53, 0x7F, 0x4B, 0x00, 0x00, 0x00, 0x00, 0x00, 0x00, 
  0x00, 0x00, 0x00, 0x00, 0x00, 0x00, 0x00, 0x00, 0x00, 0x00, 0x00, 0x00, 0x00, 0x00, 0x00, 0x00, 0x00, 0x00, 0x00, 0x00, 0x00, 0x00, 0x00, 0x00, 0x00, 0x00, 0x00, 0x00, 0x7F, 0x4B, 0x7F, 0x4B, 
  0x7F, 0x4B, 0x5F, 0x4B, 0x7F, 0x4B, 0x7F, 0x53, 0x00, 0x00, 0x00, 0x00, 0x00, 0x00, 0x00, 0x00, 0x00, 0x00, 0x00, 0x00, 0x00, 0x00, 0x00, 0x00, 0x00, 0x00, 0x00, 0x00, 0x00, 0x00, 0x00, 0x00, 
  0x00, 0x00, 0x00, 0x00, 0x00, 0x00, 0x7F, 0x4B, 0x9F, 0x53, 0x7F, 0x4B, 0x5F, 0x4B, 0x5F, 0x4B, 0x5F, 0x4B, 0x5F, 0x4B, 0x5F, 0x4B, 0x5F, 0x4B, 0x5F, 0x4B, 0x5F, 0x4B, 0x5F, 0x4B, 0x5F, 0x4B, 
  0x5F, 0x4B, 0x5F, 0x4B, 0x5F, 0x4B, 0x5F, 0x4B, 0x5F, 0x4B, 0x5F, 0x4B, 0x5F, 0x4B, 0x5F, 0x4B, 0x5F, 0x4B, 0x5F, 0x4B, 0x5F, 0x4B, 0x5F, 0x4B, 0x5F, 0x4B, 0x5F, 0x4B, 0x5F, 0x4B, 0x5F, 0x4B, 
  0x5F, 0x4B, 0x5F, 0x4B, 0x5F, 0x4B, 0x5F, 0x4B, 0x5F, 0x4B, 0x5F, 0x4B, 0x5F, 0x4B, 0x5F, 0x4B, 0x5F, 0x4B, 0x5F, 0x4B, 0x5F, 0x4B, 0x5F, 0x4B, 0x5F, 0x4B, 0x9F, 0x53, 0x5F, 0x4B, 0x00, 0x00, 
  0x00, 0x00, 0x00, 0x00, 0x00, 0x00, 0x00, 0x00, 0x00, 0x00, 0x00, 0x00, 0x00, 0x00, 0x00, 0x00, 0x00, 0x00, 0x00, 0x00, 0x00, 0x00, 0x00, 0x00, 0x00, 0x00, 0x00, 0x00, 0x00, 0x00, 0x00, 0x00, 
  0x00, 0x00, 0x5F, 0x4B, 0x7F, 0x4B, 0x5F, 0x4B, 0x5F, 0x4B, 0x5F, 0x4B, 0x5F, 0x4B, 0x5F, 0x4B, 0x5F, 0x4B, 0x5F, 0x4B, 0x5F, 0x4B, 0x5F, 0x4B, 0x5F, 0x4B, 0x7F, 0x4B, 0xBF, 0x53, 0x5F, 0x4B, 
  0x00, 0x00, 0x00, 0x00, 0x00, 0x00, 0x00, 0x00, 0x00, 0x00, 0x00, 0x00, 0x00, 0x00, 0x00, 0x00, 0x00, 0x00, 0x00, 0x00, 0x00, 0x00, 0x00, 0x00, 0x00, 0x00, 0x00, 0x00, 0x7F, 0x4B, 0x5F, 0x4B, 
  0x9F, 0x53, 0x7F, 0x4B, 0x5F, 0x4B, 0x5F, 0x4B, 0x7F, 0x4B, 0x5F, 0x4B, 0x00, 0x00, 0x00, 0x00, 0x00, 0x00, 0x00, 0x00, 0x00, 0x00, 0x00, 0x00, 0x00, 0x00, 0x00, 0x00, 0x00, 0x00, 0x00, 0x00, 
  0x00, 0x00, 0x00, 0x00, 0x00, 0x00, 0x00, 0x00, 0x9F, 0x53, 0x9F, 0x53, 0x5F, 0x4B, 0x5F, 0x4B, 0x5F, 0x4B, 0x5F, 0x4B, 0x5F, 0x4B, 0x5F, 0x4B, 0x5F, 0x4B, 0x5F, 0x4B, 0x5F, 0x4B, 0x5F, 0x4B, 
  0x5F, 0x4B, 0x5F, 0x4B, 0x5F, 0x4B, 0x5F, 0x4B, 0x5F, 0x4B, 0x5F, 0x4B, 0x5F, 0x4B, 0x5F, 0x4B, 0x5F, 0x4B, 0x5F, 0x4B, 0x5F, 0x4B, 0x5F, 0x4B, 0x5F, 0x4B, 0x5F, 0x4B, 0x5F, 0x4B, 0x5F, 0x4B, 
  0x5F, 0x4B, 0x5F, 0x4B, 0x5F, 0x4B, 0x5F, 0x4B, 0x5F, 0x4B, 0x5F, 0x4B, 0x5F, 0x4B, 0x5F, 0x4B, 0x5F, 0x4B, 0x5F, 0x4B, 0x5F, 0x4B, 0x5F, 0x4B, 0x5F, 0x4B, 0x5F, 0x4B, 0x5F, 0x4B, 0x7F, 0x4B, 
  0x7F, 0x53, 0x00, 0x00, 0x00, 0x00, 0x00, 0x00, 0x00, 0x00, 0x00, 0x00, 0x00, 0x00, 0x00, 0x00, 0x00, 0x00, 0x00, 0x00, 0x00, 0x00, 0x00, 0x00, 0x00, 0x00, 0x00, 0x00, 0x00, 0x00, 0x00, 0x00, 
  0x00, 0x00, 0x00, 0x00, 0x00, 0x00, 0x5F, 0x4B, 0x7F, 0x4B, 0x5F, 0x4B, 0x5F, 0x4B, 0x5F, 0x4B, 0x5F, 0x4B, 0x5F, 0x4B, 0x5F, 0x4B, 0x5F, 0x4B, 0x5F, 0x4B, 0x5F, 0x4B, 0x5F, 0x4B, 0x5F, 0x4B, 
  0x7F, 0x4B, 0x9F, 0x53, 0x00, 0x00, 0x00, 0x00, 0x00, 0x00, 0x00, 0x00, 0x00, 0x00, 0x00, 0x00, 0x00, 0x00, 0x7F, 0x4B, 0x5F, 0x4B, 0x5F, 0x4B, 0x5F, 0x4B, 0x5F, 0x4B, 0x5F, 0x4B, 0x9F, 0x53, 
  0x9F, 0x53, 0x7F, 0x4B, 0x5F, 0x4B, 0x5F, 0x4B, 0x5F, 0x4B, 0x5F, 0x4B, 0x7F, 0x4B, 0x5F, 0x4B, 0x00, 0x00, 0x00, 0x00, 0x00, 0x00, 0x00, 0x00, 0x00, 0x00, 0x00, 0x00, 0x00, 0x00, 0x00, 0x00, 
  0x00, 0x00, 0x00, 0x00, 0x00, 0x00, 0x00, 0x00, 0x00, 0x00, 0x7F, 0x53, 0x7F, 0x4B, 0x5F, 0x4B, 0x5F, 0x4B, 0x5F, 0x4B, 0x5F, 0x4B, 0x5F, 0x4B, 0x5F, 0x4B, 0x5F, 0x4B, 0x5F, 0x4B, 0x5F, 0x4B, 
  0x5F, 0x4B, 0x5F, 0x4B, 0x5F, 0x4B, 0x5F, 0x4B, 0x5F, 0x4B, 0x5F, 0x4B, 0x5F, 0x4B, 0x5F, 0x4B, 0x5F, 0x4B, 0x5F, 0x4B, 0x5F, 0x4B, 0x5F, 0x4B, 0x5F, 0x4B, 0x5F, 0x4B, 0x5F, 0x4B, 0x5F, 0x4B, 
  0x5F, 0x4B, 0x5F, 0x4B, 0x5F, 0x4B, 0x5F, 0x4B, 0x5F, 0x4B, 0x5F, 0x4B, 0x5F, 0x4B, 0x5F, 0x4B, 0x5F, 0x4B, 0x5F, 0x4B, 0x5F, 0x4B, 0x5F, 0x4B, 0x5F, 0x4B, 0x5F, 0x4B, 0x5F, 0x4B, 0x5F, 0x4B, 
  0x5F, 0x4B, 0x5F, 0x4B, 0x7F, 0x4B, 0x7F, 0x4B, 0x7F, 0x4B, 0x00, 0x00, 0x00, 0x00, 0x00, 0x00, 0x00, 0x00, 0x00, 0x00, 0x00, 0x00, 0x00, 0x00, 0x00, 0x00, 0x00, 0x00, 0x00, 0x00, 0x00, 0x00, 
  0x00, 0x00, 0x00, 0x00, 0x00, 0x00, 0x00, 0x00, 0x00, 0x00, 0x5F, 0x4B, 0x9F, 0x53, 0x5F, 0x4B, 0x5F, 0x4B, 0x5F, 0x4B, 0x5F, 0x4B, 0x5F, 0x4B, 0x5F, 0x4B, 0x5F, 0x4B, 0x5F, 0x4B, 0x5F, 0x4B, 
  0x5F, 0x4B, 0x5F, 0x4B, 0x5F, 0x4B, 0x9F, 0x53, 0x5F, 0x4B, 0x00, 0x00, 0x00, 0x00, 0x00, 0x00, 0x00, 0x00, 0x7F, 0x4B, 0xBF, 0x53, 0x9F, 0x53, 0x7F, 0x53, 0x7F, 0x4B, 0x7F, 0x4B, 0x7F, 0x4B, 
  0x7F, 0x4B, 0x7F, 0x4B, 0x5F, 0x4B, 0x5F, 0x4B, 0x5F, 0x4B, 0x5F, 0x4B, 0x5F, 0x4B, 0x5F, 0x4B, 0x9F, 0x53, 0x5F, 0x4B, 0x00, 0x00, 0x00, 0x00, 0x00, 0x00, 0x00, 0x00, 0x00, 0x00, 0x00, 0x00, 
  0x00, 0x00, 0x00, 0x00, 0x00, 0x00, 0x00, 0x00, 0x00, 0x00, 0x00, 0x00, 0x7F, 0x53, 0x7F, 0x4B, 0x5F, 0x4B, 0x5F, 0x4B, 0x5F, 0x4B, 0x5F, 0x4B, 0x5F, 0x4B, 0x5F, 0x4B, 0x5F, 0x4B, 0x5F, 0x4B, 
  0x5F, 0x4B, 0x5F, 0x4B, 0x5F, 0x4B, 0x5F, 0x4B, 0x5F, 0x4B, 0x5F, 0x4B, 0x5F, 0x4B, 0x5F, 0x4B, 0x5F, 0x4B, 0x5F, 0x4B, 0x5F, 0x4B, 0x5F, 0x4B, 0x5F, 0x4B, 0x5F, 0x4B, 0x5F, 0x4B, 0x5F, 0x4B, 
  0x5F, 0x4B, 0x5F, 0x4B, 0x5F, 0x4B, 0x5F, 0x4B, 0x5F, 0x4B, 0x5F, 0x4B, 0x5F, 0x4B, 0x5F, 0x4B, 0x5F, 0x4B, 0x5F, 0x4B, 0x5F, 0x4B, 0x5F, 0x4B, 0x5F, 0x4B, 0x5F, 0x4B, 0x5F, 0x4B, 0x5F, 0x4B, 
  0x5F, 0x4B, 0x5F, 0x4B, 0x5F, 0x4B, 0x5F, 0x4B, 0x5F, 0x4B, 0x7F, 0x4B, 0x9F, 0x53, 0x7F, 0x4B, 0x00, 0x00, 0x00, 0x00, 0x00, 0x00, 0x00, 0x00, 0x00, 0x00, 0x00, 0x00, 0x00, 0x00, 0x00, 0x00, 
  0x00, 0x00, 0x00, 0x00, 0x00, 0x00, 0x00, 0x00, 0x00, 0x00, 0x00, 0x00, 0x00, 0x00, 0x5F, 0x4B, 0x9F, 0x53, 0x5F, 0x4B, 0x5F, 0x4B, 0x5F, 0x4B, 0x5F, 0x4B, 0x5F, 0x4B, 0x5F, 0x4B, 0x5F, 0x4B, 
  0x5F, 0x4B, 0x5F, 0x4B, 0x5F, 0x4B, 0x5F, 0x4B, 0x5F, 0x4B, 0x7F, 0x4B, 0x7F, 0x4B, 0x00, 0x00, 0x00, 0x00, 0x7F, 0x4B, 0x9F, 0x53, 0x9F, 0x53, 0x5F, 0x4B, 0x5F, 0x4B, 0x5F, 0x4B, 0x5F, 0x4B, 
  0x5F, 0x4B, 0x5F, 0x4B, 0x5F, 0x4B, 0x5F, 0x4B, 0x5F, 0x4B, 0x5F, 0x4B, 0x5F, 0x4B, 0x5F, 0x4B, 0x5F, 0x4B, 0x5F, 0x4B, 0x9F, 0x53, 0x5F, 0x4B, 0x00, 0x00, 0x00, 0x00, 0x00, 0x00, 0x00, 0x00, 
  0x00, 0x00, 0x00, 0x00, 0x00, 0x00, 0x00, 0x00, 0x00, 0x00, 0x00, 0x00, 0x00, 0x00, 0x7F, 0x53, 0x7F, 0x4B, 0x5F, 0x4B, 0x5F, 0x4B, 0x5F, 0x4B, 0x5F, 0x4B, 0x5F, 0x4B, 0x5F, 0x4B, 0x5F, 0x4B, 
  0x5F, 0x4B, 0x5F, 0x4B, 0x5F, 0x4B, 0x5F, 0x4B, 0x5F, 0x4B, 0x5F, 0x4B, 0x5F, 0x4B, 0x5F, 0x4B, 0x5F, 0x4B, 0x5F, 0x4B, 0x5F, 0x4B, 0x5F, 0x4B, 0x5F, 0x4B, 0x5F, 0x4B, 0x5F, 0x4B, 0x5F, 0x4B, 
  0x5F, 0x4B, 0x5F, 0x4B, 0x5F, 0x4B, 0x5F, 0x4B, 0x5F, 0x4B, 0x5F, 0x4B, 0x5F, 0x4B, 0x5F, 0x4B, 0x5F, 0x4B, 0x5F, 0x4B, 0x5F, 0x4B, 0x5F, 0x4B, 0x5F, 0x4B, 0x5F, 0x4B, 0x5F, 0x4B, 0x5F, 0x4B, 
  0x5F, 0x4B, 0x5F, 0x4B, 0x5F, 0x4B, 0x5F, 0x4B, 0x5F, 0x4B, 0x5F, 0x4B, 0x5F, 0x4B, 0x5F, 0x4B, 0x5F, 0x4B, 0x9F, 0x53, 0x7F, 0x4B, 0x00, 0x00, 0x00, 0x00, 0x00, 0x00, 0x00, 0x00, 0x00, 0x00, 
  0x00, 0x00, 0x00, 0x00, 0x00, 0x00, 0x00, 0x00, 0x00, 0x00, 0x00, 0x00, 0x00, 0x00, 0x00, 0x00, 0x00, 0x00, 0x00, 0x00, 0x9F, 0x53, 0x7F, 0x4B, 0x5F, 0x4B, 0x5F, 0x4B, 0x5F, 0x4B, 0x5F, 0x4B, 
  0x5F, 0x4B, 0x5F, 0x4B, 0x5F, 0x4B, 0x5F, 0x4B, 0x5F, 0x4B, 0x5F, 0x4B, 0x5F, 0x4B, 0x5F, 0x4B, 0x7F, 0x53, 0x7F, 0x4B, 0x5F, 0x4B, 0x9F, 0x53, 0x7F, 0x4B, 0x5F, 0x4B, 0x5F, 0x4B, 0x5F, 0x4B, 
  0x5F, 0x4B, 0x5F, 0x4B, 0x5F, 0x4B, 0x5F, 0x4B, 0x5F, 0x4B, 0x5F, 0x4B, 0x5F, 0x4B, 0x5F, 0x4B, 0x5F, 0x4B, 0x5F, 0x4B, 0x5F, 0x4B, 0x7F, 0x4B, 0x7F, 0x53, 0x00, 0x00, 0x00, 0x00, 0x00, 0x00, 
  0x00, 0x00, 0x00, 0x00, 0x00, 0x00, 0x00, 0x00, 0x00, 0x00, 0x00, 0x00, 0x00, 0x00, 0x00, 0x00, 0x7F, 0x4B, 0x7F, 0x53, 0x5F, 0x4B, 0x5F, 0x4B, 0x5F, 0x4B, 0x5F, 0x4B, 0x5F, 0x4B, 0x5F, 0x4B, 
  0x5F, 0x4B, 0x5F, 0x4B, 0x5F, 0x4B, 0x5F, 0x4B, 0x5F, 0x4B, 0x5F, 0x4B, 0x5F, 0x4B, 0x5F, 0x4B, 0x5F, 0x4B, 0x5F, 0x4B, 0x5F, 0x4B, 0x5F, 0x4B, 0x5F, 0x4B, 0x5F, 0x4B, 0x5F, 0x4B, 0x5F, 0x4B, 
  0x5F, 0x4B, 0x5F, 0x4B, 0x5F, 0x4B, 0x5F, 0x4B, 0x5F, 0x4B, 0x5F, 0x4B, 0x5F, 0x4B, 0x5F, 0x4B, 0x5F, 0x4B, 0x5F, 0x4B, 0x5F, 0x4B, 0x5F, 0x4B, 0x5F, 0x4B, 0x5F, 0x4B, 0x5F, 0x4B, 0x5F, 0x4B, 
  0x5F, 0x4B, 0x5F, 0x4B, 0x5F, 0x4B, 0x5F, 0x4B, 0x5F, 0x4B, 0x5F, 0x4B, 0x5F, 0x4B, 0x5F, 0x4B, 0x5F, 0x4B, 0x5F, 0x4B, 0x5F, 0x4B, 0x5F, 0x4B, 0x7F, 0x4B, 0x9F, 0x53, 0x5F, 0x4B, 0x00, 0x00, 
  0x00, 0x00, 0x00, 0x00, 0x00, 0x00, 0x00, 0x00, 0x00, 0x00, 0x00, 0x00, 0x00, 0x00, 0x00, 0x00, 0x00, 0x00, 0x00, 0x00, 0x00, 0x00, 0x00, 0x00, 0x5F, 0x4B, 0x7F, 0x4B, 0x5F, 0x4B, 0x5F, 0x4B, 
  0x5F, 0x4B, 0x5F, 0x4B, 0x5F, 0x4B, 0x5F, 0x4B, 0x5F, 0x4B, 0x5F, 0x4B, 0x5F, 0x4B, 0x5F, 0x4B, 0x5F, 0x4B, 0x5F, 0x4B, 0x5F, 0x4B, 0x9F, 0x53, 0x9F, 0x53, 0x5F, 0x4B, 0x5F, 0x4B, 0x5F, 0x4B, 
  0x5F, 0x4B, 0x5F, 0x4B, 0x5F, 0x4B, 0x5F, 0x4B, 0x5F, 0x4B, 0x5F, 0x4B, 0x5F, 0x4B, 0x5F, 0x4B, 0x5F, 0x4B, 0x5F, 0x4B, 0x5F, 0x4B, 0x5F, 0x4B, 0x5F, 0x4B, 0x7F, 0x4B, 0x5F, 0x4B, 0x00, 0x00, 
  0x00, 0x00, 0x00, 0x00, 0x00, 0x00, 0x00, 0x00, 0x00, 0x00, 0x00, 0x00, 0x00, 0x00, 0x00, 0x00, 0x00, 0x00, 0x5F, 0x4B, 0x9F, 0x53, 0x5F, 0x4B, 0x5F, 0x4B, 0x5F, 0x4B, 0x5F, 0x4B, 0x5F, 0x4B, 
  0x5F, 0x4B, 0x5F, 0x4B, 0x5F, 0x4B, 0x5F, 0x4B, 0x5F, 0x4B, 0x5F, 0x4B, 0x5F, 0x4B, 0x5F, 0x4B, 0x5F, 0x4B, 0x5F, 0x4B, 0x5F, 0x4B, 0x5F, 0x4B, 0x5F, 0x4B, 0x5F, 0x4B, 0x5F, 0x4B, 0x5F, 0x4B, 
  0x5F, 0x4B, 0x5F, 0x4B, 0x5F, 0x4B, 0x5F, 0x4B, 0x5F, 0x4B, 0x5F, 0x4B, 0x5F, 0x4B, 0x5F, 0x4B, 0x5F, 0x4B, 0x5F, 0x4B, 0x5F, 0x4B, 0x5F, 0x4B, 0x5F, 0x4B, 0x5F, 0x4B, 0x5F, 0x4B, 0x5F, 0x4B, 
  0x5F, 0x4B, 0x5F, 0x4B, 0x5F, 0x4B, 0x5F, 0x4B, 0x5F, 0x4B, 0x5F, 0x4B, 0x5F, 0x4B, 0x5F, 0x4B, 0x5F, 0x4B, 0x5F, 0x4B, 0x5F, 0x4B, 0x5F, 0x4B, 0x5F, 0x4B, 0x5F, 0x4B, 0x5F, 0x4B, 0x7F, 0x4B, 
  0xBF, 0x53, 0x5F, 0x4B, 0x00, 0x00, 0x00, 0x00, 0x00, 0x00, 0x00, 0x00, 0x00, 0x00, 0x00, 0x00, 0x00, 0x00, 0x00, 0x00, 0x00, 0x00, 0x00, 0x00, 0x00, 0x00, 0x00, 0x00, 0x5F, 0x4B, 0x9F, 0x53, 
  0x5F, 0x4B, 0x5F, 0x4B, 0x5F, 0x4B, 0x5F, 0x4B, 0x5F, 0x4B, 0x5F, 0x4B, 0x5F, 0x4B, 0x5F, 0x4B, 0x5F, 0x4B, 0x5F, 0x4B, 0x5F, 0x4B, 0x5F, 0x4B, 0x5F, 0x4B, 0x5F, 0x4B, 0x5F, 0x4B, 0x5F, 0x4B, 
  0x5F, 0x4B, 0x5F, 0x4B, 0x5F, 0x4B, 0x5F, 0x4B, 0x5F, 0x4B, 0x5F, 0x4B, 0x5F, 0x4B, 0x5F, 0x4B, 0x5F, 0x4B, 0x5F, 0x4B, 0x5F, 0x4B, 0x5F, 0x4B, 0x5F, 0x4B, 0x5F, 0x4B, 0x5F, 0x4B, 0x9F, 0x53, 
  0x5F, 0x4B, 0x00, 0x00, 0x00, 0x00, 0x00, 0x00, 0x00, 0x00, 0x00, 0x00, 0x00, 0x00, 0x00, 0x00, 0x00, 0x00, 0x00, 0x00, 0x5F, 0x4B, 0x9F, 0x53, 0x5F, 0x4B, 0x5F, 0x4B, 0x5F, 0x4B, 0x5F, 0x4B, 
  0x5F, 0x4B, 0x5F, 0x4B, 0x5F, 0x4B, 0x5F, 0x4B, 0x5F, 0x4B, 0x5F, 0x4B, 0x5F, 0x4B, 0x5F, 0x4B, 0x5F, 0x4B, 0x5F, 0x4B, 0x5F, 0x4B, 0x5F, 0x4B, 0x5F, 0x4B, 0x5F, 0x4B, 0x5F, 0x4B, 0x5F, 0x4B, 
  0x5F, 0x4B, 0x5F, 0x4B, 0x5F, 0x4B, 0x5F, 0x4B, 0x5F, 0x4B, 0x5F, 0x4B, 0x5F, 0x4B, 0x5F, 0x4B, 0x5F, 0x4B, 0x5F, 0x4B, 0x5F, 0x4B, 0x5F, 0x4B, 0x5F, 0x4B, 0x5F, 0x4B, 0x5F, 0x4B, 0x5F, 0x4B, 
  0x5F, 0x4B, 0x5F, 0x4B, 0x5F, 0x4B, 0x5F, 0x4B, 0x5F, 0x4B, 0x5F, 0x4B, 0x5F, 0x4B, 0x5F, 0x4B, 0x5F, 0x4B, 0x5F, 0x4B, 0x5F, 0x4B, 0x5F, 0x4B, 0x5F, 0x4B, 0x5F, 0x4B, 0x5F, 0x4B, 0x5F, 0x4B, 
  0x5F, 0x4B, 0x5F, 0x4B, 0x5F, 0x4B, 0x9F, 0x53, 0x7F, 0x4B, 0x00, 0x00, 0x00, 0x00, 0x00, 0x00, 0x00, 0x00, 0x00, 0x00, 0x00, 0x00, 0x00, 0x00, 0x00, 0x00, 0x00, 0x00, 0x00, 0x00, 0x00, 0x00, 
  0x00, 0x00, 0x7F, 0x4B, 0x7F, 0x4B, 0x5F, 0x4B, 0x5F, 0x4B, 0x5F, 0x4B, 0x5F, 0x4B, 0x5F, 0x4B, 0x5F, 0x4B, 0x5F, 0x4B, 0x5F, 0x4B, 0x5F, 0x4B, 0x5F, 0x4B, 0x5F, 0x4B, 0x5F, 0x4B, 0x5F, 0x4B, 
  0x5F, 0x4B, 0x5F, 0x4B, 0x5F, 0x4B, 0x5F, 0x4B, 0x5F, 0x4B, 0x5F, 0x4B, 0x5F, 0x4B, 0x5F, 0x4B, 0x5F, 0x4B, 0x5F, 0x4B, 0x5F, 0x4B, 0x5F, 0x4B, 0x5F, 0x4B, 0x5F, 0x4B, 0x5F, 0x4B, 0x5F, 0x4B, 
  0x7F, 0x4B, 0x7F, 0x4B, 0x00, 0x00, 0x00, 0x00, 0x00, 0x00, 0x00, 0x00, 0x00, 0x00, 0x00, 0x00, 0x00, 0x00, 0x00, 0x00, 0x00, 0x00, 0x00, 0x00, 0x9F, 0x53, 0x7F, 0x4B, 0x5F, 0x4B, 0x5F, 0x4B, 
  0x5F, 0x4B, 0x5F, 0x4B, 0x5F, 0x4B, 0x5F, 0x4B, 0x5F, 0x4B, 0x5F, 0x4B, 0x5F, 0x4B, 0x5F, 0x4B, 0x5F, 0x4B, 0x5F, 0x4B, 0x5F, 0x4B, 0x5F, 0x4B, 0x5F, 0x4B, 0x5F, 0x4B, 0x5F, 0x4B, 0x5F, 0x4B, 
  0x5F, 0x4B, 0x5F, 0x4B, 0x5F, 0x4B, 0x5F, 0x4B, 0x5F, 0x4B, 0x5F, 0x4B, 0x5F, 0x4B, 0x5F, 0x4B, 0x5F, 0x4B, 0x5F, 0x4B, 0x5F, 0x4B, 0x5F, 0x4B, 0x5F, 0x4B, 0x5F, 0x4B, 0x5F, 0x4B, 0x5F, 0x4B, 
  0x5F, 0x4B, 0x5F, 0x4B, 0x5F, 0x4B, 0x5F, 0x4B, 0x5F, 0x4B, 0x5F, 0x4B, 0x5F, 0x4B, 0x5F, 0x4B, 0x5F, 0x4B, 0x5F, 0x4B, 0x5F, 0x4B, 0x5F, 0x4B, 0x5F, 0x4B, 0x5F, 0x4B, 0x5F, 0x4B, 0x5F, 0x4B, 
  0x5F, 0x4B, 0x5F, 0x4B, 0x5F, 0x4B, 0x5F, 0x4B, 0x5F, 0x4B, 0x5F, 0x4B, 0x9F, 0x53, 0x7F, 0x4B, 0x00, 0x00, 0x00, 0x00, 0x00, 0x00, 0x00, 0x00, 0x00, 0x00, 0x00, 0x00, 0x00, 0x00, 0x00, 0x00, 
  0x00, 0x00, 0x00, 0x00, 0x00, 0x00, 0x5F, 0x4B, 0xBF, 0x53, 0x5F, 0x4B, 0x5F, 0x4B, 0x5F, 0x4B, 0x5F, 0x4B, 0x5F, 0x4B, 0x5F, 0x4B, 0x5F, 0x4B, 0x5F, 0x4B, 0x5F, 0x4B, 0x5F, 0x4B, 0x5F, 0x4B, 
  0x5F, 0x4B, 0x5F, 0x4B, 0x5F, 0x4B, 0x5F, 0x4B, 0x5F, 0x4B, 0x5F, 0x4B, 0x5F, 0x4B, 0x5F, 0x4B, 0x5F, 0x4B, 0x5F, 0x4B, 0x5F, 0x4B, 0x5F, 0x4B, 0x5F, 0x4B, 0x5F, 0x4B, 0x5F, 0x4B, 0x5F, 0x4B, 
  0x5F, 0x4B, 0x5F, 0x4B, 0x9F, 0x53, 0x5F, 0x4B, 0x00, 0x00, 0x00, 0x00, 0x00, 0x00, 0x00, 0x00, 0x00, 0x00, 0x00, 0x00, 0x00, 0x00, 0x00, 0x00, 0x00, 0x00, 0x5F, 0x4B, 0x7F, 0x53, 0x5F, 0x4B, 
  0x5F, 0x4B, 0x5F, 0x4B, 0x5F, 0x4B, 0x5F, 0x4B, 0x5F, 0x4B, 0x5F, 0x4B, 0x5F, 0x4B, 0x5F, 0x4B, 0x5F, 0x4B, 0x5F, 0x4B, 0x5F, 0x4B, 0x5F, 0x4B, 0x5F, 0x4B, 0x5F, 0x4B, 0x5F, 0x4B, 0x5F, 0x4B, 
  0x5F, 0x4B, 0x5F, 0x4B, 0x5F, 0x4B, 0x5F, 0x4B, 0x5F, 0x4B, 0x5F, 0x4B, 0x5F, 0x4B, 0x5F, 0x4B, 0x5F, 0x4B, 0x5F, 0x4B, 0x5F, 0x4B, 0x5F, 0x4B, 0x5F, 0x4B, 0x5F, 0x4B, 0x5F, 0x4B, 0x5F, 0x4B, 
  0x5F, 0x4B, 0x5F, 0x4B, 0x5F, 0x4B, 0x5F, 0x4B, 0x5F, 0x4B, 0x5F, 0x4B, 0x5F, 0x4B, 0x5F, 0x4B, 0x5F, 0x4B, 0x5F, 0x4B, 0x5F, 0x4B, 0x5F, 0x4B, 0x5F, 0x4B, 0x5F, 0x4B, 0x5F, 0x4B, 0x5F, 0x4B, 
  0x5F, 0x4B, 0x5F, 0x4B, 0x5F, 0x4B, 0x5F, 0x4B, 0x5F, 0x4B, 0x5F, 0x4B, 0x5F, 0x4B, 0x5F, 0x4B, 0x5F, 0x4B, 0x9F, 0x53, 0x7F, 0x4B, 0x00, 0x00, 0x00, 0x00, 0x00, 0x00, 0x00, 0x00, 0x00, 0x00, 
  0x00, 0x00, 0x00, 0x00, 0x00, 0x00, 0x00, 0x00, 0x00, 0x00, 0x00, 0x00, 0x7F, 0x4B, 0x7F, 0x53, 0x5F, 0x4B, 0x5F, 0x4B, 0x5F, 0x4B, 0x5F, 0x4B, 0x5F, 0x4B, 0x5F, 0x4B, 0x5F, 0x4B, 0x5F, 0x4B, 
  0x5F, 0x4B, 0x5F, 0x4B, 0x5F, 0x4B, 0x5F, 0x4B, 0x5F, 0x4B, 0x5F, 0x4B, 0x5F, 0x4B, 0x5F, 0x4B, 0x5F, 0x4B, 0x5F, 0x4B, 0x5F, 0x4B, 0x5F, 0x4B, 0x5F, 0x4B, 0x5F, 0x4B, 0x5F, 0x4B, 0x5F, 0x4B, 
  0x5F, 0x4B, 0x5F, 0x4B, 0x5F, 0x4B, 0x7F, 0x53, 0x5F, 0x4B, 0x00, 0x00, 0x00, 0x00, 0x00, 0x00, 0x00, 0x00, 0x00, 0x00, 0x00, 0x00, 0x00, 0x00, 0x00, 0x00, 0x00, 0x00, 0x5F, 0x4B, 0x9F, 0x53, 
  0x5F, 0x4B, 0x5F, 0x4B, 0x5F, 0x4B, 0x5F, 0x4B, 0x5F, 0x4B, 0x5F, 0x4B, 0x5F, 0x4B, 0x5F, 0x4B, 0x5F, 0x4B, 0x5F, 0x4B, 0x5F, 0x4B, 0x5F, 0x4B, 0x5F, 0x4B, 0x5F, 0x4B, 0x5F, 0x4B, 0x5F, 0x4B, 
  0x5F, 0x4B, 0x5F, 0x4B, 0x5F, 0x4B, 0x5F, 0x4B, 0x5F, 0x4B, 0x5F, 0x4B, 0x5F, 0x4B, 0x5F, 0x4B, 0x5F, 0x4B, 0x5F, 0x4B, 0x5F, 0x4B, 0x5F, 0x4B, 0x5F, 0x4B, 0x5F, 0x4B, 0x5F, 0x4B, 0x5F, 0x4B, 
  0x5F, 0x4B, 0x5F, 0x4B, 0x5F, 0x4B, 0x5F, 0x4B, 0x5F, 0x4B, 0x5F, 0x4B, 0x5F, 0x4B, 0x5F, 0x4B, 0x5F, 0x4B, 0x5F, 0x4B, 0x5F, 0x4B, 0x5F, 0x4B, 0x5F, 0x4B, 0x5F, 0x4B, 0x5F, 0x4B, 0x5F, 0x4B, 
  0x5F, 0x4B, 0x5F, 0x4B, 0x5F, 0x4B, 0x5F, 0x4B, 0x5F, 0x4B, 0x5F, 0x4B, 0x5F, 0x4B, 0x5F, 0x4B, 0x5F, 0x4B, 0x5F, 0x4B, 0x5F, 0x4B, 0x5F, 0x4B, 0x9F, 0x53, 0x7F, 0x4B, 0x00, 0x00, 0x00, 0x00, 
  0x00, 0x00, 0x00, 0x00, 0x00, 0x00, 0x00, 0x00, 0x00, 0x00, 0x00, 0x00, 0x00, 0x00, 0x00, 0x00, 0x00, 0x00, 0xBF, 0x53, 0x7F, 0x4B, 0x5F, 0x4B, 0x5F, 0x4B, 0x5F, 0x4B, 0x5F, 0x4B, 0x5F, 0x4B, 
  0x5F, 0x4B, 0x5F, 0x4B, 0x5F, 0x4B, 0x5F, 0x4B, 0x5F, 0x4B, 0x5F, 0x4B, 0x5F, 0x4B, 0x5F, 0x4B, 0x5F, 0x4B, 0x5F, 0x4B, 0x5F, 0x4B, 0x5F, 0x4B, 0x5F, 0x4B, 0x5F, 0x4B, 0x5F, 0x4B, 0x5F, 0x4B, 
  0x5F, 0x4B, 0x5F, 0x4B, 0x5F, 0x4B, 0x5F, 0x4B, 0x7F, 0x4B, 0x9F, 0x53, 0x00, 0x00, 0x00, 0x00, 0x00, 0x00, 0x00, 0x00, 0x00, 0x00, 0x00, 0x00, 0x00, 0x00, 0x00, 0x00, 0x00, 0x00, 0x00, 0x00, 
  0x7F, 0x4B, 0x7F, 0x4B, 0x5F, 0x4B, 0x5F, 0x4B, 0x5F, 0x4B, 0x5F, 0x4B, 0x5F, 0x4B, 0x5F, 0x4B, 0x5F, 0x4B, 0x5F, 0x4B, 0x5F, 0x4B, 0x5F, 0x4B, 0x5F, 0x4B, 0x5F, 0x4B, 0x5F, 0x4B, 0x5F, 0x4B, 
  0x5F, 0x4B, 0x5F, 0x4B, 0x5F, 0x4B, 0x5F, 0x4B, 0x5F, 0x4B, 0x5F, 0x4B, 0x5F, 0x4B, 0x5F, 0x4B, 0x5F, 0x4B, 0x5F, 0x4B, 0x5F, 0x4B, 0x5F, 0x4B, 0x5F, 0x4B, 0x5F, 0x4B, 0x5F, 0x4B, 0x5F, 0x4B, 
  0x5F, 0x4B, 0x5F, 0x4B, 0x5F, 0x4B, 0x5F, 0x4B, 0x5F, 0x4B, 0x5F, 0x4B, 0x5F, 0x4B, 0x5F, 0x4B, 0x5F, 0x4B, 0x5F, 0x4B, 0x5F, 0x4B, 0x5F, 0x4B, 0x5F, 0x4B, 0x5F, 0x4B, 0x5F, 0x4B, 0x5F, 0x4B, 
  0x5F, 0x4B, 0x5F, 0x4B, 0x5F, 0x4B, 0x5F, 0x4B, 0x5F, 0x4B, 0x5F, 0x4B, 0x5F, 0x4B, 0x5F, 0x4B, 0x5F, 0x4B, 0x5F, 0x4B, 0x5F, 0x4B, 0x5F, 0x4B, 0x5F, 0x4B, 0x5F, 0x4B, 0x5F, 0x4B, 0x9F, 0x53, 
  0x7F, 0x4B, 0x00, 0x00, 0x00, 0x00, 0x00, 0x00, 0x00, 0x00, 0x00, 0x00, 0x00, 0x00, 0x00, 0x00, 0x00, 0x00, 0x00, 0x00, 0x00, 0x00, 0x5F, 0x4B, 0x9F, 0x53, 0x7F, 0x4B, 0x5F, 0x4B, 0x5F, 0x4B, 
  0x5F, 0x4B, 0x5F, 0x4B, 0x5F, 0x4B, 0x5F, 0x4B, 0x5F, 0x4B, 0x5F, 0x4B, 0x5F, 0x4B, 0x5F, 0x4B, 0x5F, 0x4B, 0x5F, 0x4B, 0x5F, 0x4B, 0x5F, 0x4B, 0x5F, 0x4B, 0x5F, 0x4B, 0x5F, 0x4B, 0x5F, 0x4B, 
  0x5F, 0x4B, 0x5F, 0x4B, 0x5F, 0x4B, 0x5F, 0x4B, 0x5F, 0x4B, 0x7F, 0x4B, 0x9F, 0x53, 0x5F, 0x4B, 0x00, 0x00, 0x00, 0x00, 0x00, 0x00, 0x00, 0x00, 0x00, 0x00, 0x00, 0x00, 0x00, 0x00, 0x00, 0x00, 
  0x00, 0x00, 0x5F, 0x4B, 0x9F, 0x53, 0x5F, 0x4B, 0x5F, 0x4B, 0x5F, 0x4B, 0x5F, 0x4B, 0x5F, 0x4B, 0x5F, 0x4B, 0x5F, 0x4B, 0x5F, 0x4B, 0x5F, 0x4B, 0x5F, 0x4B, 0x5F, 0x4B, 0x5F, 0x4B, 0x5F, 0x4B, 
  0x5F, 0x4B, 0x5F, 0x4B, 0x5F, 0x4B, 0x5F, 0x4B, 0x5F, 0x4B, 0x5F, 0x4B, 0x5F, 0x4B, 0x5F, 0x4B, 0x5F, 0x4B, 0x5F, 0x4B, 0x5F, 0x4B, 0x5F, 0x4B, 0x5F, 0x4B, 0x5F, 0x4B, 0x5F, 0x4B, 0x5F, 0x4B, 
  0x5F, 0x4B, 0x5F, 0x4B, 0x5F, 0x4B, 0x5F, 0x4B, 0x5F, 0x4B, 0x5F, 0x4B, 0x5F, 0x4B, 0x5F, 0x4B, 0x5F, 0x4B, 0x5F, 0x4B, 0x5F, 0x4B, 0x5F, 0x4B, 0x5F, 0x4B, 0x5F, 0x4B, 0x5F, 0x4B, 0x5F, 0x4B, 
  0x5F, 0x4B, 0x5F, 0x4B, 0x5F, 0x4B, 0x5F, 0x4B, 0x5F, 0x4B, 0x5F, 0x4B, 0x5F, 0x4B, 0x5F, 0x4B, 0x5F, 0x4B, 0x5F, 0x4B, 0x5F, 0x4B, 0x5F, 0x4B, 0x5F, 0x4B, 0x5F, 0x4B, 0x5F, 0x4B, 0x5F, 0x4B, 
  0x5F, 0x4B, 0x5F, 0x4B, 0x9F, 0x53, 0x7F, 0x4B, 0x00, 0x00, 0x00, 0x00, 0x00, 0x00, 0x00, 0x00, 0x00, 0x00, 0x00, 0x00, 0x00, 0x00, 0x00, 0x00, 0x00, 0x00, 0x00, 0x00, 0x5F, 0x4B, 0x9F, 0x53, 
  0x7F, 0x4B, 0x5F, 0x4B, 0x5F, 0x4B, 0x5F, 0x4B, 0x5F, 0x4B, 0x5F, 0x4B, 0x5F, 0x4B, 0x5F, 0x4B, 0x5F, 0x4B, 0x5F, 0x4B, 0x5F, 0x4B, 0x5F, 0x4B, 0x5F, 0x4B, 0x5F, 0x4B, 0x5F, 0x4B, 0x5F, 0x4B, 
  0x5F, 0x4B, 0x5F, 0x4B, 0x5F, 0x4B, 0x5F, 0x4B, 0x5F, 0x4B, 0x5F, 0x4B, 0x7F, 0x4B, 0xBF, 0x53, 0x5F, 0x4B, 0x00, 0x00, 0x00, 0x00, 0x00, 0x00, 0x00, 0x00, 0x00, 0x00, 0x00, 0x00, 0x00, 0x00, 
  0x00, 0x00, 0x00, 0x00, 0x00, 0x00, 0x7F, 0x4B, 0x7F, 0x4B, 0x5F, 0x4B, 0x5F, 0x4B, 0x5F, 0x4B, 0x5F, 0x4B, 0x5F, 0x4B, 0x5F, 0x4B, 0x5F, 0x4B, 0x5F, 0x4B, 0x5F, 0x4B, 0x5F, 0x4B, 0x5F, 0x4B, 
  0x5F, 0x4B, 0x5F, 0x4B, 0x5F, 0x4B, 0x5F, 0x4B, 0x5F, 0x4B, 0x5F, 0x4B, 0x5F, 0x4B, 0x5F, 0x4B, 0x5F, 0x4B, 0x5F, 0x4B, 0x5F, 0x4B, 0x5F, 0x4B, 0x5F, 0x4B, 0x5F, 0x4B, 0x5F, 0x4B, 0x5F, 0x4B, 
  0x5F, 0x4B, 0x5F, 0x4B, 0x5F, 0x4B, 0x5F, 0x4B, 0x5F, 0x4B, 0x5F, 0x4B, 0x5F, 0x4B, 0x5F, 0x4B, 0x5F, 0x4B, 0x5F, 0x4B, 0x5F, 0x4B, 0x5F, 0x4B, 0x5F, 0x4B, 0x5F, 0x4B, 0x5F, 0x4B, 0x5F, 0x4B, 
  0x5F, 0x4B, 0x5F, 0x4B, 0x5F, 0x4B, 0x5F, 0x4B, 0x5F, 0x4B, 0x5F, 0x4B, 0x5F, 0x4B, 0x5F, 0x4B, 0x5F, 0x4B, 0x5F, 0x4B, 0x5F, 0x4B, 0x5F, 0x4B, 0x5F, 0x4B, 0x5F, 0x4B, 0x5F, 0x4B, 0x5F, 0x4B, 
  0x5F, 0x4B, 0x5F, 0x4B, 0x5F, 0x4B, 0x5F, 0x4B, 0x5F, 0x4B, 0x9F, 0x53, 0x7F, 0x4B, 0x00, 0x00, 0x00, 0x00, 0x00, 0x00, 0x00, 0x00, 0x00, 0x00, 0x00, 0x00, 0x00, 0x00, 0x00, 0x00, 0x00, 0x00, 
  0x00, 0x00, 0x5F, 0x4B, 0x9F, 0x53, 0x7F, 0x53, 0x5F, 0x4B, 0x5F, 0x4B, 0x5F, 0x4B, 0x5F, 0x4B, 0x5F, 0x4B, 0x5F, 0x4B, 0x5F, 0x4B, 0x5F, 0x4B, 0x5F, 0x4B, 0x5F, 0x4B, 0x5F, 0x4B, 0x5F, 0x4B, 
  0x5F, 0x4B, 0x5F, 0x4B, 0x5F, 0x4B, 0x5F, 0x4B, 0x5F, 0x4B, 0x5F, 0x4B, 0x5F, 0x4B, 0x9F, 0x53, 0x7F, 0x4B, 0x00, 0x00, 0x00, 0x00, 0x00, 0x00, 0x00, 0x00, 0x00, 0x00, 0x00, 0x00, 0x00, 0x00, 
  0x00, 0x00, 0x00, 0x00, 0x00, 0x00, 0x00, 0x00, 0x5F, 0x4B, 0xBF, 0x53, 0x5F, 0x4B, 0x5F, 0x4B, 0x5F, 0x4B, 0x5F, 0x4B, 0x5F, 0x4B, 0x5F, 0x4B, 0x5F, 0x4B, 0x5F, 0x4B, 0x5F, 0x4B, 0x5F, 0x4B, 
  0x5F, 0x4B, 0x5F, 0x4B, 0x5F, 0x4B, 0x5F, 0x4B, 0x5F, 0x4B, 0x5F, 0x4B, 0x5F, 0x4B, 0x5F, 0x4B, 0x5F, 0x4B, 0x5F, 0x4B, 0x5F, 0x4B, 0x5F, 0x4B, 0x5F, 0x4B, 0x5F, 0x4B, 0x5F, 0x4B, 0x5F, 0x4B, 
  0x5F, 0x4B, 0x5F, 0x4B, 0x5F, 0x4B, 0x5F, 0x4B, 0x5F, 0x4B, 0x5F, 0x4B, 0x5F, 0x4B, 0x5F, 0x4B, 0x5F, 0x4B, 0x5F, 0x4B, 0x5F, 0x4B, 0x5F, 0x4B, 0x5F, 0x4B, 0x5F, 0x4B, 0x5F, 0x4B, 0x5F, 0x4B, 
  0x5F, 0x4B, 0x5F, 0x4B, 0x5F, 0x4B, 0x5F, 0x4B, 0x5F, 0x4B, 0x5F, 0x4B, 0x5F, 0x4B, 0x5F, 0x4B, 0x5F, 0x4B, 0x5F, 0x4B, 0x5F, 0x4B, 0x5F, 0x4B, 0x5F, 0x4B, 0x5F, 0x4B, 0x5F, 0x4B, 0x5F, 0x4B, 
  0x5F, 0x4B, 0x5F, 0x4B, 0x5F, 0x4B, 0x5F, 0x4B, 0x5F, 0x4B, 0x5F, 0x4B, 0x5F, 0x4B, 0x5F, 0x4B, 0x9F, 0x53, 0x7F, 0x4B, 0x00, 0x00, 0x00, 0x00, 0x00, 0x00, 0x00, 0x00, 0x00, 0x00, 0x00, 0x00, 
  0x00, 0x00, 0x00, 0x00, 0x00, 0x00, 0x00, 0x00, 0x00, 0x00, 0x7F, 0x4B, 0x7F, 0x53, 0x5F, 0x4B, 0x5F, 0x4B, 0x5F, 0x4B, 0x5F, 0x4B, 0x5F, 0x4B, 0x5F, 0x4B, 0x5F, 0x4B, 0x5F, 0x4B, 0x5F, 0x4B, 
  0x5F, 0x4B, 0x5F, 0x4B, 0x5F, 0x4B, 0x5F, 0x4B, 0x5F, 0x4B, 0x5F, 0x4B, 0x7F, 0x4B, 0x9F, 0x53, 0x9F, 0x53, 0x7F, 0x4B, 0x00, 0x00, 0x00, 0x00, 0x00, 0x00, 0x00, 0x00, 0x00, 0x00, 0x00, 0x00, 
  0x00, 0x00, 0x00, 0x00, 0x00, 0x00, 0x00, 0x00, 0x00, 0x00, 0x00, 0x00, 0x5F, 0x4B, 0x7F, 0x53, 0x5F, 0x4B, 0x5F, 0x4B, 0x5F, 0x4B, 0x5F, 0x4B, 0x5F, 0x4B, 0x5F, 0x4B, 0x5F, 0x4B, 0x5F, 0x4B, 
  0x5F, 0x4B, 0x5F, 0x4B, 0x5F, 0x4B, 0x5F, 0x4B, 0x5F, 0x4B, 0x5F, 0x4B, 0x5F, 0x4B, 0x5F, 0x4B, 0x5F, 0x4B, 0x5F, 0x4B, 0x5F, 0x4B, 0x5F, 0x4B, 0x5F, 0x4B, 0x5F, 0x4B, 0x5F, 0x4B, 0x5F, 0x4B, 
  0x5F, 0x4B, 0x5F, 0x4B, 0x5F, 0x4B, 0x5F, 0x4B, 0x5F, 0x4B, 0x5F, 0x4B, 0x5F, 0x4B, 0x5F, 0x4B, 0x5F, 0x4B, 0x5F, 0x4B, 0x5F, 0x4B, 0x5F, 0x4B, 0x5F, 0x4B, 0x5F, 0x4B, 0x5F, 0x4B, 0x5F, 0x4B, 
  0x5F, 0x4B, 0x5F, 0x4B, 0x5F, 0x4B, 0x5F, 0x4B, 0x5F, 0x4B, 0x5F, 0x4B, 0x5F, 0x4B, 0x5F, 0x4B, 0x5F, 0x4B, 0x5F, 0x4B, 0x5F, 0x4B, 0x5F, 0x4B, 0x5F, 0x4B, 0x5F, 0x4B, 0x5F, 0x4B, 0x5F, 0x4B, 
  0x5F, 0x4B, 0x5F, 0x4B, 0x5F, 0x4B, 0x5F, 0x4B, 0x5F, 0x4B, 0x5F, 0x4B, 0x5F, 0x4B, 0x5F, 0x4B, 0x5F, 0x4B, 0x5F, 0x4B, 0x5F, 0x4B, 0x9F, 0x53, 0x7F, 0x4B, 0x00, 0x00, 0x00, 0x00, 0x00, 0x00, 
  0x00, 0x00, 0x00, 0x00, 0x00, 0x00, 0x00, 0x00, 0x00, 0x00, 0x00, 0x00, 0x00, 0x00, 0x00, 0x00, 0x7F, 0x4B, 0x7F, 0x4B, 0x5F, 0x4B, 0x5F, 0x4B, 0x5F, 0x4B, 0x5F, 0x4B, 0x5F, 0x4B, 0x5F, 0x4B, 
  0x5F, 0x4B, 0x5F, 0x4B, 0x5F, 0x4B, 0x5F, 0x4B, 0x5F, 0x4B, 0x7F, 0x4B, 0x7F, 0x4B, 0x9F, 0x53, 0x7F, 0x4B, 0x7F, 0x4B, 0x5F, 0x4B, 0x00, 0x00, 0x00, 0x00, 0x00, 0x00, 0x00, 0x00, 0x00, 0x00, 
  0x00, 0x00, 0x00, 0x00, 0x00, 0x00, 0x00, 0x00, 0x00, 0x00, 0x00, 0x00, 0x00, 0x00, 0x00, 0x00, 0x7F, 0x4B, 0x7F, 0x4B, 0x5F, 0x4B, 0x5F, 0x4B, 0x5F, 0x4B, 0x5F, 0x4B, 0x5F, 0x4B, 0x5F, 0x4B, 
  0x5F, 0x4B, 0x5F, 0x4B, 0x5F, 0x4B, 0x5F, 0x4B, 0x5F, 0x4B, 0x5F, 0x4B, 0x5F, 0x4B, 0x5F, 0x4B, 0x5F, 0x4B, 0x5F, 0x4B, 0x5F, 0x4B, 0x5F, 0x4B, 0x5F, 0x4B, 0x5F, 0x4B, 0x5F, 0x4B, 0x5F, 0x4B, 
  0x5F, 0x4B, 0x5F, 0x4B, 0x5F, 0x4B, 0x5F, 0x4B, 0x5F, 0x4B, 0x5F, 0x4B, 0x5F, 0x4B, 0x5F, 0x4B, 0x5F, 0x4B, 0x5F, 0x4B, 0x5F, 0x4B, 0x5F, 0x4B, 0x5F, 0x4B, 0x5F, 0x4B, 0x5F, 0x4B, 0x5F, 0x4B, 
  0x5F, 0x4B, 0x5F, 0x4B, 0x5F, 0x4B, 0x5F, 0x4B, 0x5F, 0x4B, 0x5F, 0x4B, 0x5F, 0x4B, 0x5F, 0x4B, 0x5F, 0x4B, 0x5F, 0x4B, 0x5F, 0x4B, 0x5F, 0x4B, 0x5F, 0x4B, 0x5F, 0x4B, 0x5F, 0x4B, 0x5F, 0x4B, 
  0x5F, 0x4B, 0x5F, 0x4B, 0x5F, 0x4B, 0x5F, 0x4B, 0x5F, 0x4B, 0x5F, 0x4B, 0x5F, 0x4B, 0x5F, 0x4B, 0x5F, 0x4B, 0x5F, 0x4B, 0x5F, 0x4B, 0x5F, 0x4B, 0x5F, 0x4B, 0x5F, 0x4B, 0x9F, 0x53, 0x7F, 0x4B, 
  0x00, 0x00, 0x00, 0x00, 0x00, 0x00, 0x00, 0x00, 0x00, 0x00, 0x00, 0x00, 0x00, 0x00, 0x00, 0x00, 0x00, 0x00, 0x00, 0x00, 0x5F, 0x4B, 0x7F, 0x53, 0x5F, 0x4B, 0x5F, 0x4B, 0x5F, 0x4B, 0x5F, 0x4B, 
  0x5F, 0x4B, 0x5F, 0x4B, 0x5F, 0x4B, 0x5F, 0x4B, 0x7F, 0x4B, 0x9F, 0x53, 0x9F, 0x53, 0x7F, 0x53, 0x5F, 0x4B, 0x5F, 0x4B, 0x00, 0x00, 0x00, 0x00, 0x00, 0x00, 0x00, 0x00, 0x00, 0x00, 0x00, 0x00, 
  0x00, 0x00, 0x00, 0x00, 0x00, 0x00, 0x00, 0x00, 0x00, 0x00, 0x00, 0x00, 0x00, 0x00, 0x00, 0x00, 0x00, 0x00, 0x5F, 0x4B, 0x9F, 0x53, 0x5F, 0x4B, 0x5F, 0x4B, 0x5F, 0x4B, 0x5F, 0x4B, 0x5F, 0x4B, 
  0x5F, 0x4B, 0x7F, 0x4B, 0x7F, 0x4B, 0x7F, 0x4B, 0x7F, 0x53, 0x7F, 0x53, 0x7F, 0x53, 0x7F, 0x4B, 0x7F, 0x4B, 0x7F, 0x4B, 0x5F, 0x4B, 0x5F, 0x4B, 0x5F, 0x4B, 0x5F, 0x4B, 0x5F, 0x4B, 0x5F, 0x4B, 
  0x5F, 0x4B, 0x5F, 0x4B, 0x5F, 0x4B, 0x5F, 0x4B, 0x5F, 0x4B, 0x5F, 0x4B, 0x5F, 0x4B, 0x5F, 0x4B, 0x5F, 0x4B, 0x5F, 0x4B, 0x5F, 0x4B, 0x5F, 0x4B, 0x5F, 0x4B, 0x5F, 0x4B, 0x5F, 0x4B, 0x5F, 0x4B, 
  0x5F, 0x4B, 0x5F, 0x4B, 0x5F, 0x4B, 0x5F, 0x4B, 0x5F, 0x4B, 0x5F, 0x4B, 0x5F, 0x4B, 0x5F, 0x4B, 0x5F, 0x4B, 0x5F, 0x4B, 0x5F, 0x4B, 0x5F, 0x4B, 0x5F, 0x4B, 0x5F, 0x4B, 0x5F, 0x4B, 0x5F, 0x4B, 
  0x5F, 0x4B, 0x5F, 0x4B, 0x5F, 0x4B, 0x5F, 0x4B, 0x5F, 0x4B, 0x5F, 0x4B, 0x5F, 0x4B, 0x5F, 0x4B, 0x5F, 0x4B, 0x5F, 0x4B, 0x5F, 0x4B, 0x5F, 0x4B, 0x5F, 0x4B, 0x5F, 0x4B, 0x5F, 0x4B, 0x5F, 0x4B, 
  0x5F, 0x4B, 0x9F, 0x53, 0x7F, 0x4B, 0x00, 0x00, 0x00, 0x00, 0x00, 0x00, 0x00, 0x00, 0x00, 0x00, 0x00, 0x00, 0x00, 0x00, 0x00, 0x00, 0x00, 0x00, 0x7F, 0x4B, 0x7F, 0x4B, 0x5F, 0x4B, 0x5F, 0x4B, 
  0x5F, 0x4B, 0x5F, 0x4B, 0x5F, 0x4B, 0x5F, 0x4B, 0x5F, 0x4B, 0x7F, 0x4B, 0x5F, 0x4B, 0x5F, 0x4B, 0x00, 0x00, 0x00, 0x00, 0x00, 0x00, 0x00, 0x00, 0x00, 0x00, 0x00, 0x00, 0x00, 0x00, 0x00, 0x00, 
  0x00, 0x00, 0x00, 0x00, 0x00, 0x00, 0x00, 0x00, 0x00, 0x00, 0x00, 0x00, 0x00, 0x00, 0x00, 0x00, 0x00, 0x00, 0x00, 0x00, 0x00, 0x00, 0x5F, 0x4B, 0x9F, 0x53, 0x5F, 0x4B, 0x5F, 0x4B, 0x5F, 0x4B, 
  0x5F, 0x4B, 0x5F, 0x4B, 0x9F, 0x53, 0x9F, 0x53, 0x7F, 0x4B, 0x5F, 0x4B, 0x5F, 0x4B, 0x5F, 0x4B, 0x5F, 0x4B, 0x5F, 0x4B, 0x5F, 0x4B, 0x7F, 0x4B, 0x9F, 0x53, 0x9F, 0x53, 0x9F, 0x53, 0x7F, 0x4B, 
  0x7F, 0x4B, 0x5F, 0x4B, 0x5F, 0x4B, 0x5F, 0x4B, 0x5F, 0x4B, 0x5F, 0x4B, 0x5F, 0x4B, 0x5F, 0x4B, 0x5F, 0x4B, 0x5F, 0x4B, 0x5F, 0x4B, 0x5F, 0x4B, 0x5F, 0x4B, 0x5F, 0x4B, 0x5F, 0x4B, 0x5F, 0x4B, 
  0x5F, 0x4B, 0x5F, 0x4B, 0x5F, 0x4B, 0x5F, 0x4B, 0x5F, 0x4B, 0x5F, 0x4B, 0x5F, 0x4B, 0x5F, 0x4B, 0x5F, 0x4B, 0x5F, 0x4B, 0x5F, 0x4B, 0x5F, 0x4B, 0x5F, 0x4B, 0x5F, 0x4B, 0x5F, 0x4B, 0x5F, 0x4B, 
  0x5F, 0x4B, 0x5F, 0x4B, 0x5F, 0x4B, 0x5F, 0x4B, 0x5F, 0x4B, 0x5F, 0x4B, 0x5F, 0x4B, 0x5F, 0x4B, 0x5F, 0x4B, 0x5F, 0x4B, 0x5F, 0x4B, 0x5F, 0x4B, 0x5F, 0x4B, 0x5F, 0x4B, 0x5F, 0x4B, 0x5F, 0x4B, 
  0x5F, 0x4B, 0x5F, 0x4B, 0x5F, 0x4B, 0x5F, 0x4B, 0x7F, 0x53, 0x7F, 0x4B, 0x5F, 0x4B, 0x00, 0x00, 0x00, 0x00, 0x00, 0x00, 0x00, 0x00, 0x00, 0x00, 0x00, 0x00, 0x5F, 0x4B, 0xBF, 0x53, 0x5F, 0x4B, 
  0x5F, 0x4B, 0x5F, 0x4B, 0x5F, 0x4B, 0x5F, 0x4B, 0x5F, 0x4B, 0x5F, 0x4B, 0x7F, 0x4B, 0x7F, 0x53, 0x00, 0x00, 0x00, 0x00, 0x00, 0x00, 0x00, 0x00, 0x00, 0x00, 0x00, 0x00, 0x00, 0x00, 0x00, 0x00, 
  0x00, 0x00, 0x00, 0x00, 0x00, 0x00, 0x00, 0x00, 0x00, 0x00, 0x00, 0x00, 0x00, 0x00, 0x00, 0x00, 0x00, 0x00, 0x00, 0x00, 0x00, 0x00, 0x00, 0x00, 0x00, 0x00, 0x5F, 0x4B, 0x7F, 0x4B, 0x5F, 0x4B, 
  0x5F, 0x4B, 0x5F, 0x4B, 0x5F, 0x4B, 0x7F, 0x53, 0x7F, 0x4B, 0x00, 0x00, 0x00, 0x00, 0x00, 0x00, 0x00, 0x00, 0x00, 0x00, 0x00, 0x00, 0x00, 0x00, 0x00, 0x00, 0x00, 0x00, 0x00, 0x00, 0x5F, 0x4B, 
  0x7F, 0x4B, 0x5F, 0x4B, 0x7F, 0x53, 0x9F, 0x53, 0x7F, 0x53, 0x7F, 0x4B, 0x5F, 0x4B, 0x5F, 0x4B, 0x5F, 0x4B, 0x5F, 0x4B, 0x5F, 0x4B, 0x5F, 0x4B, 0x5F, 0x4B, 0x5F, 0x4B, 0x5F, 0x4B, 0x5F, 0x4B, 
  0x5F, 0x4B, 0x5F, 0x4B, 0x5F, 0x4B, 0x5F, 0x4B, 0x5F, 0x4B, 0x5F, 0x4B, 0x5F, 0x4B, 0x5F, 0x4B, 0x5F, 0x4B, 0x5F, 0x4B, 0x5F, 0x4B, 0x5F, 0x4B, 0x5F, 0x4B, 0x5F, 0x4B, 0x5F, 0x4B, 0x5F, 0x4B, 
  0x5F, 0x4B, 0x5F, 0x4B, 0x5F, 0x4B, 0x5F, 0x4B, 0x5F, 0x4B, 0x5F, 0x4B, 0x5F, 0x4B, 0x5F, 0x4B, 0x5F, 0x4B, 0x5F, 0x4B, 0x5F, 0x4B, 0x5F, 0x4B, 0x5F, 0x4B, 0x5F, 0x4B, 0x5F, 0x4B, 0x5F, 0x4B, 
  0x5F, 0x4B, 0x5F, 0x4B, 0x5F, 0x4B, 0x5F, 0x4B, 0x5F, 0x4B, 0x5F, 0x4B, 0x5F, 0x4B, 0x7F, 0x4B, 0x9F, 0x53, 0x7F, 0x4B, 0x00, 0x00, 0x00, 0x00, 0x00, 0x00, 0x00, 0x00, 0x00, 0x00, 0x5F, 0x4B, 
  0x7F, 0x53, 0x5F, 0x4B, 0x5F, 0x4B, 0x5F, 0x4B, 0x5F, 0x4B, 0x5F, 0x4B, 0x5F, 0x4B, 0x5F, 0x4B, 0x7F, 0x4B, 0x7F, 0x4B, 0x00, 0x00, 0x00, 0x00, 0x00, 0x00, 0x00, 0x00, 0x00, 0x00, 0x00, 0x00, 
  0x00, 0x00, 0x00, 0x00, 0x00, 0x00, 0x00, 0x00, 0x00, 0x00, 0x00, 0x00, 0x00, 0x00, 0x00, 0x00, 0x00, 0x00, 0x00, 0x00, 0x00, 0x00, 0x00, 0x00, 0x00, 0x00, 0x00, 0x00, 0x00, 0x00, 0x7F, 0x53, 
  0x7F, 0x4B, 0x5F, 0x4B, 0x5F, 0x4B, 0x5F, 0x4B, 0x9F, 0x53, 0x5F, 0x4B, 0x00, 0x00, 0x00, 0x00, 0x00, 0x00, 0x00, 0x00, 0x00, 0x00, 0x00, 0x00, 0x00, 0x00, 0x00, 0x00, 0x00, 0x00, 0x00, 0x00, 
  0x00, 0x00, 0x00, 0x00, 0x00, 0x00, 0x00, 0x00, 0x00, 0x00, 0x5F, 0x4B, 0x7F, 0x4B, 0x9F, 0x53, 0x9F, 0x53, 0x7F, 0x53, 0x5F, 0x4B, 0x5F, 0x4B, 0x5F, 0x4B, 0x5F, 0x4B, 0x5F, 0x4B, 0x5F, 0x4B, 
  0x5F, 0x4B, 0x5F, 0x4B, 0x5F, 0x4B, 0x5F, 0x4B, 0x5F, 0x4B, 0x5F, 0x4B, 0x5F, 0x4B, 0x5F, 0x4B, 0x5F, 0x4B, 0x5F, 0x4B, 0x5F, 0x4B, 0x5F, 0x4B, 0x5F, 0x4B, 0x5F, 0x4B, 0x5F, 0x4B, 0x5F, 0x4B, 
  0x5F, 0x4B, 0x5F, 0x4B, 0x5F, 0x4B, 0x5F, 0x4B, 0x5F, 0x4B, 0x5F, 0x4B, 0x5F, 0x4B, 0x5F, 0x4B, 0x5F, 0x4B, 0x5F, 0x4B, 0x5F, 0x4B, 0x7F, 0x4B, 0x7F, 0x4B, 0x5F, 0x4B, 0x5F, 0x4B, 0x5F, 0x4B, 
  0x5F, 0x4B, 0x5F, 0x4B, 0x5F, 0x4B, 0x5F, 0x4B, 0x5F, 0x4B, 0x5F, 0x4B, 0x5F, 0x4B, 0x5F, 0x4B, 0x5F, 0x4B, 0x5F, 0x4B, 0x5F, 0x4B, 0x9F, 0x53, 0x7F, 0x4B, 0x7F, 0x4B, 0x00, 0x00, 0x00, 0x00, 
  0x00, 0x00, 0x7F, 0x4B, 0x7F, 0x4B, 0x5F, 0x4B, 0x5F, 0x4B, 0x5F, 0x4B, 0x5F, 0x4B, 0x5F, 0x4B, 0x5F, 0x4B, 0x5F, 0x4B, 0x7F, 0x4B, 0x7F, 0x53, 0x00, 0x00, 0x00, 0x00, 0x00, 0x00, 0x00, 0x00, 
  0x00, 0x00, 0x00, 0x00, 0x00, 0x00, 0x00, 0x00, 0x00, 0x00, 0x00, 0x00, 0x00, 0x00, 0x00, 0x00, 0x00, 0x00, 0x00, 0x00, 0x00, 0x00, 0x00, 0x00, 0x00, 0x00, 0x00, 0x00, 0x00, 0x00, 0x00, 0x00, 
  0x00, 0x00, 0xBF, 0x53, 0x5F, 0x4B, 0x5F, 0x4B, 0x5F, 0x4B, 0x5F, 0x4B, 0xBF, 0x53, 0x00, 0x00, 0x00, 0x00, 0x00, 0x00, 0x00, 0x00, 0x00, 0x00, 0x00, 0x00, 0x00, 0x00, 0x00, 0x00, 0x00, 0x00, 
  0x00, 0x00, 0x00, 0x00, 0x00, 0x00, 0x00, 0x00, 0x00, 0x00, 0x00, 0x00, 0x00, 0x00, 0x00, 0x00, 0x00, 0x00, 0x00, 0x00, 0x5F, 0x4B, 0x7F, 0x4B, 0x9F, 0x53, 0x7F, 0x53, 0x5F, 0x4B, 0x5F, 0x4B, 
  0x5F, 0x4B, 0x5F, 0x4B, 0x5F, 0x4B, 0x5F, 0x4B, 0x5F, 0x4B, 0x5F, 0x4B, 0x5F, 0x4B, 0x5F, 0x4B, 0x5F, 0x4B, 0x5F, 0x4B, 0x5F, 0x4B, 0x5F, 0x4B, 0x5F, 0x4B, 0x5F, 0x4B, 0x5F, 0x4B, 0x5F, 0x4B, 
  0x5F, 0x4B, 0x5F, 0x4B, 0x5F, 0x4B, 0x5F, 0x4B, 0x5F, 0x4B, 0x5F, 0x4B, 0x5F, 0x4B, 0x5F, 0x4B, 0x5F, 0x4B, 0x5F, 0x4B, 0x5F, 0x4B, 0x9F, 0x53, 0x9F, 0x53, 0x7F, 0x4B, 0x7F, 0x53, 0x9F, 0x53, 
  0x9F, 0x53, 0x7F, 0x4B, 0x5F, 0x4B, 0x5F, 0x4B, 0x5F, 0x4B, 0x5F, 0x4B, 0x5F, 0x4B, 0x5F, 0x4B, 0x5F, 0x4B, 0x5F, 0x4B, 0x5F, 0x4B, 0x5F, 0x4B, 0x5F, 0x4B, 0x5F, 0x4B, 0x7F, 0x4B, 0x9F, 0x53, 
  0x7F, 0x4B, 0x5F, 0x4B, 0x5F, 0x4B, 0x7F, 0x4B, 0x5F, 0x4B, 0x5F, 0x4B, 0x5F, 0x4B, 0x5F, 0x4B, 0x5F, 0x4B, 0x5F, 0x4B, 0x5F, 0x4B, 0x5F, 0x4B, 0x7F, 0x4B, 0x9F, 0x53, 0x00, 0x00, 0x00, 0x00, 
  0x00, 0x00, 0x00, 0x00, 0x00, 0x00, 0x00, 0x00, 0x00, 0x00, 0x00, 0x00, 0x00, 0x00, 0x00, 0x00, 0x00, 0x00, 0x00, 0x00, 0x00, 0x00, 0x00, 0x00, 0x00, 0x00, 0x00, 0x00, 0x00, 0x00, 0x00, 0x00, 
  0x00, 0x00, 0x00, 0x00, 0x5F, 0x4B, 0x9F, 0x53, 0x5F, 0x4B, 0x5F, 0x4B, 0x5F, 0x4B, 0x5F, 0x4B, 0xBF, 0x53, 0x00, 0x00, 0x00, 0x00, 0x00, 0x00, 0x00, 0x00, 0x00, 0x00, 0x00, 0x00, 0x00, 0x00, 
  0x00, 0x00, 0x00, 0x00, 0x00, 0x00, 0x00, 0x00, 0x00, 0x00, 0x00, 0x00, 0x00, 0x00, 0x00, 0x00, 0x00, 0x00, 0x00, 0x00, 0x00, 0x00, 0x00, 0x00, 0x00, 0x00, 0x00, 0x00, 0x00, 0x00, 0x7F, 0x4B, 
  0x9F, 0x53, 0x7F, 0x53, 0x5F, 0x4B, 0x5F, 0x4B, 0x5F, 0x4B, 0x5F, 0x4B, 0x5F, 0x4B, 0x5F, 0x4B, 0x5F, 0x4B, 0x5F, 0x4B, 0x5F, 0x4B, 0x5F, 0x4B, 0x5F, 0x4B, 0x5F, 0x4B, 0x5F, 0x4B, 0x5F, 0x4B, 
  0x5F, 0x4B, 0x5F, 0x4B, 0x5F, 0x4B, 0x5F, 0x4B, 0x5F, 0x4B, 0x5F, 0x4B, 0x5F, 0x4B, 0x5F, 0x4B, 0x5F, 0x4B, 0x5F, 0x4B, 0x5F, 0x4B, 0x5F, 0x4B, 0x7F, 0x53, 0x5F, 0x4B, 0x00, 0x00, 0x00, 0x00, 
  0x00, 0x00, 0x00, 0x00, 0x7F, 0x4B, 0x5F, 0x4B, 0x9F, 0x53, 0x5F, 0x4B, 0x5F, 0x4B, 0x5F, 0x4B, 0x5F, 0x4B, 0x5F, 0x4B, 0x5F, 0x4B, 0x5F, 0x4B, 0x5F, 0x4B, 0x5F, 0x4B, 0x5F, 0x4B, 0x5F, 0x4B, 
  0x5F, 0x4B, 0x5F, 0x4B, 0x7F, 0x4B, 0x9F, 0x53, 0x7F, 0x53, 0x5F, 0x4B, 0x5F, 0x4B, 0x5F, 0x4B, 0x5F, 0x4B, 0x5F, 0x4B, 0x5F, 0x4B, 0x5F, 0x4B, 0x5F, 0x4B, 0x5F, 0x4B, 0x7F, 0x4B, 0x7F, 0x53, 
  0x00, 0x00, 0x00, 0x00, 0x00, 0x00, 0x00, 0x00, 0x00, 0x00, 0x00, 0x00, 0x00, 0x00, 0x00, 0x00, 0x00, 0x00, 0x00, 0x00, 0x00, 0x00, 0x00, 0x00, 0x00, 0x00, 0x00, 0x00, 0x00, 0x00, 0x00, 0x00, 
  0x00, 0x00, 0x00, 0x00, 0x00, 0x00, 0x00, 0x00, 0x5F, 0x4B, 0x9F, 0x53, 0x5F, 0x4B, 0x5F, 0x4B, 0x5F, 0x4B, 0x5F, 0x4B, 0x9F, 0x53, 0x5F, 0x4B, 0x00, 0x00, 0x00, 0x00, 0x00, 0x00, 0x00, 0x00, 
  0x00, 0x00, 0x00, 0x00, 0x00, 0x00, 0x00, 0x00, 0x00, 0x00, 0x00, 0x00, 0x00, 0x00, 0x00, 0x00, 0x00, 0x00, 0x00, 0x00, 0x00, 0x00, 0x00, 0x00, 0x00, 0x00, 0x00, 0x00, 0x00, 0x00, 0x00, 0x00, 
  0x00, 0x00, 0x00, 0x00, 0x00, 0x00, 0x7F, 0x4B, 0x9F, 0x53, 0x7F, 0x4B, 0x5F, 0x4B, 0x5F, 0x4B, 0x5F, 0x4B, 0x5F, 0x4B, 0x5F, 0x4B, 0x5F, 0x4B, 0x5F, 0x4B, 0x5F, 0x4B, 0x5F, 0x4B, 0x5F, 0x4B, 
  0x5F, 0x4B, 0x5F, 0x4B, 0x5F, 0x4B, 0x5F, 0x4B, 0x5F, 0x4B, 0x5F, 0x4B, 0x5F, 0x4B, 0x5F, 0x4B, 0x5F, 0x4B, 0x5F, 0x4B, 0x5F, 0x4B, 0x5F, 0x4B, 0x5F, 0x4B, 0x7F, 0x53, 0x5F, 0x4B, 0x00, 0x00, 
  0x00, 0x00, 0x00, 0x00, 0x00, 0x00, 0x00, 0x00, 0x00, 0x00, 0x00, 0x00, 0x7F, 0x4B, 0x9F, 0x53, 0x7F, 0x4B, 0x5F, 0x4B, 0x5F, 0x4B, 0x5F, 0x4B, 0x5F, 0x4B, 0x5F, 0x4B, 0x5F, 0x4B, 0x5F, 0x4B, 
  0x5F, 0x4B, 0x5F, 0x4B, 0x5F, 0x4B, 0x5F, 0x4B, 0x5F, 0x4B, 0x5F, 0x4B, 0x5F, 0x4B, 0x5F, 0x4B, 0x5F, 0x4B, 0x5F, 0x4B, 0x5F, 0x4B, 0x5F, 0x4B, 0x5F, 0x4B, 0x5F, 0x4B, 0x5F, 0x4B, 0x5F, 0x4B, 
  0x7F, 0x4B, 0x5F, 0x4B, 0x00, 0x00, 0x00, 0x00, 0x00, 0x00, 0x00, 0x00, 0x00, 0x00, 0x00, 0x00, 0x00, 0x00, 0x00, 0x00, 0x00, 0x00, 0x00, 0x00, 0x00, 0x00, 0x00, 0x00, 0x00, 0x00, 0x00, 0x00, 
  0x00, 0x00, 0x00, 0x00, 0x00, 0x00, 0x00, 0x00, 0x00, 0x00, 0x00, 0x00, 0x5F, 0x4B, 0x7F, 0x53, 0x5F, 0x4B, 0x5F, 0x4B, 0x5F, 0x4B, 0x5F, 0x4B, 0x9F, 0x53, 0x5F, 0x4B, 0x00, 0x00, 0x00, 0x00, 
  0x00, 0x00, 0x00, 0x00, 0x00, 0x00, 0x00, 0x00, 0x00, 0x00, 0x00, 0x00, 0x00, 0x00, 0x00, 0x00, 0x00, 0x00, 0x00, 0x00, 0x00, 0x00, 0x00, 0x00, 0x00, 0x00, 0x00, 0x00, 0x00, 0x00, 0x00, 0x00, 
  0x00, 0x00, 0x00, 0x00, 0x00, 0x00, 0x00, 0x00, 0x00, 0x00, 0x00, 0x00, 0x00, 0x00, 0x7F, 0x4B, 0x9F, 0x53, 0x5F, 0x4B, 0x5F, 0x4B, 0x5F, 0x4B, 0x5F, 0x4B, 0x5F, 0x4B, 0x5F, 0x4B, 0x5F, 0x4B, 
  0x5F, 0x4B, 0x5F, 0x4B, 0x5F, 0x4B, 0x5F, 0x4B, 0x5F, 0x4B, 0x5F, 0x4B, 0x5F, 0x4B, 0x5F, 0x4B, 0x5F, 0x4B, 0x5F, 0x4B, 0x5F, 0x4B, 0x5F, 0x4B, 0x5F, 0x4B, 0x5F, 0x4B, 0x7F, 0x4B, 0x9F, 0x53, 
  0x00, 0x00, 0x00, 0x00, 0x00, 0x00, 0x00, 0x00, 0x00, 0x00, 0x00, 0x00, 0x00, 0x00, 0x00, 0x00, 0x00, 0x00, 0x7F, 0x4B, 0x9F, 0x53, 0x7F, 0x4B, 0x5F, 0x4B, 0x5F, 0x4B, 0x5F, 0x4B, 0x5F, 0x4B, 
  0x5F, 0x4B, 0x5F, 0x4B, 0x5F, 0x4B, 0x5F, 0x4B, 0x5F, 0x4B, 0x5F, 0x4B, 0x5F, 0x4B, 0x5F, 0x4B, 0x5F, 0x4B, 0x5F, 0x4B, 0x5F, 0x4B, 0x5F, 0x4B, 0x5F, 0x4B, 0x5F, 0x4B, 0x5F, 0x4B, 0x5F, 0x4B, 
  0x5F, 0x4B, 0x5F, 0x4B, 0x7F, 0x4B, 0x5F, 0x4B, 0x00, 0x00, 0x00, 0x00, 0x00, 0x00, 0x00, 0x00, 0x00, 0x00, 0x00, 0x00, 0x00, 0x00, 0x00, 0x00, 0x00, 0x00, 0x00, 0x00, 0x00, 0x00, 0x00, 0x00, 
  0x00, 0x00, 0x00, 0x00, 0x00, 0x00, 0x00, 0x00, 0x00, 0x00, 0x00, 0x00, 0x00, 0x00, 0x00, 0x00, 0x5F, 0x4B, 0x7F, 0x53, 0x5F, 0x4B, 0x5F, 0x4B, 0x5F, 0x4B, 0x5F, 0x4B, 0x9F, 0x53, 0x5F, 0x4B, 
  0x00, 0x00, 0x00, 0x00, 0x00, 0x00, 0x00, 0x00, 0x00, 0x00, 0x00, 0x00, 0x00, 0x00, 0x00, 0x00, 0x00, 0x00, 0x00, 0x00, 0x00, 0x00, 0x00, 0x00, 0x00, 0x00, 0x00, 0x00, 0x00, 0x00, 0x00, 0x00, 
  0x00, 0x00, 0x00, 0x00, 0x00, 0x00, 0x00, 0x00, 0x00, 0x00, 0x00, 0x00, 0x00, 0x00, 0x00, 0x00, 0x00, 0x00, 0x00, 0x00, 0x7F, 0x4B, 0x9F, 0x53, 0x7F, 0x4B, 0x5F, 0x4B, 0x5F, 0x4B, 0x5F, 0x4B, 
  0x5F, 0x4B, 0x5F, 0x4B, 0x5F, 0x4B, 0x5F, 0x4B, 0x5F, 0x4B, 0x5F, 0x4B, 0x5F, 0x4B, 0x5F, 0x4B, 0x5F, 0x4B, 0x5F, 0x4B, 0x5F, 0x4B, 0x5F, 0x4B, 0x5F, 0x4B, 0x5F, 0x4B, 0x5F, 0x4B, 0x5F, 0x4B, 
  0x5F, 0x4B, 0x7F, 0x53, 0x7F, 0x4B, 0x00, 0x00, 0x00, 0x00, 0x00, 0x00, 0x00, 0x00, 0x00, 0x00, 0x00, 0x00, 0x00, 0x00, 0x00, 0x00, 0x00, 0x00, 0x7F, 0x4B, 0x9F, 0x53, 0x7F, 0x4B, 0x5F, 0x4B, 
  0x5F, 0x4B, 0x5F, 0x4B, 0x5F, 0x4B, 0x5F, 0x4B, 0x5F, 0x4B, 0x5F, 0x4B, 0x5F, 0x4B, 0x5F, 0x4B, 0x5F, 0x4B, 0x5F, 0x4B, 0x5F, 0x4B, 0x5F, 0x4B, 0x5F, 0x4B, 0x5F, 0x4B, 0x5F, 0x4B, 0x5F, 0x4B, 
  0x5F, 0x4B, 0x5F, 0x4B, 0x5F, 0x4B, 0x5F, 0x4B, 0x9F, 0x53, 0x5F, 0x4B, 0x00, 0x00, 0x00, 0x00, 0x00, 0x00, 0x00, 0x00, 0x00, 0x00, 0x00, 0x00, 0x00, 0x00, 0x00, 0x00, 0x00, 0x00, 0x00, 0x00, 
  0x00, 0x00, 0x00, 0x00, 0x00, 0x00, 0x00, 0x00, 0x00, 0x00, 0x00, 0x00, 0x00, 0x00, 0x00, 0x00, 0x00, 0x00, 0x00, 0x00, 0x5F, 0x4B, 0x7F, 0x4B, 0x5F, 0x4B, 0x5F, 0x4B, 0x5F, 0x4B, 0x5F, 0x4B, 
  0x7F, 0x53, 0x5F, 0x4B, 0x00, 0x00, 0x00, 0x00, 0x00, 0x00, 0x00, 0x00, 0x00, 0x00, 0x00, 0x00, 0x00, 0x00, 0x00, 0x00, 0x00, 0x00, 0x00, 0x00, 0x00, 0x00, 0x00, 0x00, 0x00, 0x00, 0x00, 0x00, 
  0x00, 0x00, 0x00, 0x00, 0x00, 0x00, 0x00, 0x00, 0x00, 0x00, 0x00, 0x00, 0x00, 0x00, 0x00, 0x00, 0x00, 0x00, 0x00, 0x00, 0x00, 0x00, 0x00, 0x00, 0x00, 0x00, 0x00, 0x00, 0x7F, 0x4B, 0x9F, 0x53, 
  0x5F, 0x4B, 0x5F, 0x4B, 0x5F, 0x4B, 0x5F, 0x4B, 0x5F, 0x4B, 0x5F, 0x4B, 0x5F, 0x4B, 0x5F, 0x4B, 0x5F, 0x4B, 0x5F, 0x4B, 0x5F, 0x4B, 0x5F, 0x4B, 0x5F, 0x4B, 0x5F, 0x4B, 0x5F, 0x4B, 0x5F, 0x4B, 
  0x5F, 0x4B, 0x5F, 0x4B, 0x5F, 0x4B, 0x5F, 0x4B, 0x7F, 0x4B, 0x9F, 0x53, 0x7F, 0x4B, 0x7F, 0x4B, 0x7F, 0x4B, 0x00, 0x00, 0x00, 0x00, 0x00, 0x00, 0x00, 0x00, 0x00, 0x00, 0x00, 0x00, 0x7F, 0x4B, 
  0x9F, 0x53, 0x5F, 0x4B, 0x5F, 0x4B, 0x5F, 0x4B, 0x5F, 0x4B, 0x5F, 0x4B, 0x5F, 0x4B, 0x5F, 0x4B, 0x5F, 0x4B, 0x5F, 0x4B, 0x5F, 0x4B, 0x5F, 0x4B, 0x5F, 0x4B, 0x5F, 0x4B, 0x5F, 0x4B, 0x5F, 0x4B, 
  0x5F, 0x4B, 0x5F, 0x4B, 0x5F, 0x4B, 0x5F, 0x4B, 0x5F, 0x4B, 0x5F, 0x4B, 0x9F, 0x53, 0x5F, 0x4B, 0x00, 0x00, 0x00, 0x00, 0x00, 0x00, 0x00, 0x00, 0x00, 0x00, 0x00, 0x00, 0x00, 0x00, 0x00, 0x00, 
  0x00, 0x00, 0x00, 0x00, 0x00, 0x00, 0x00, 0x00, 0x00, 0x00, 0x00, 0x00, 0x00, 0x00, 0x00, 0x00, 0x00, 0x00, 0x00, 0x00, 0x00, 0x00, 0x00, 0x00, 0x5F, 0x4B, 0x7F, 0x4B, 0x5F, 0x4B, 0x5F, 0x4B, 
  0x5F, 0x4B, 0x5F, 0x4B, 0x7F, 0x4B, 0x5F, 0x4B, 0x00, 0x00, 0x00, 0x00, 0x00, 0x00, 0x00, 0x00, 0x00, 0x00, 0x00, 0x00, 0x00, 0x00, 0x00, 0x00, 0x00, 0x00, 0x00, 0x00, 0x00, 0x00, 0x00, 0x00, 
  0x00, 0x00, 0x00, 0x00, 0x00, 0x00, 0x00, 0x00, 0x00, 0x00, 0x00, 0x00, 0x00, 0x00, 0x00, 0x00, 0x00, 0x00, 0x00, 0x00, 0x00, 0x00, 0x00, 0x00, 0x00, 0x00, 0x00, 0x00, 0x00, 0x00, 0x00, 0x00, 
  0x00, 0x00, 0x7F, 0x4B, 0x9F, 0x53, 0x7F, 0x4B, 0x5F, 0x4B, 0x5F, 0x4B, 0x5F, 0x4B, 0x5F, 0x4B, 0x5F, 0x4B, 0x5F, 0x4B, 0x5F, 0x4B, 0x5F, 0x4B, 0x5F, 0x4B, 0x5F, 0x4B, 0x5F, 0x4B, 0x5F, 0x4B, 
  0x5F, 0x4B, 0x5F, 0x4B, 0x5F, 0x4B, 0x5F, 0x4B, 0x5F, 0x4B, 0x5F, 0x4B, 0x7F, 0x4B, 0x7F, 0x4B, 0x5F, 0x4B, 0x9F, 0x53, 0xBF, 0x53, 0x5F, 0x4B, 0x00, 0x00, 0x00, 0x00, 0x00, 0x00, 0x00, 0x00, 
  0x00, 0x00, 0x00, 0x00, 0x5F, 0x4B, 0x9F, 0x53, 0x5F, 0x4B, 0x5F, 0x4B, 0x5F, 0x4B, 0x5F, 0x4B, 0x5F, 0x4B, 0x5F, 0x4B, 0x5F, 0x4B, 0x5F, 0x4B, 0x5F, 0x4B, 0x5F, 0x4B, 0x5F, 0x4B, 0x5F, 0x4B, 
  0x5F, 0x4B, 0x5F, 0x4B, 0x5F, 0x4B, 0x5F, 0x4B, 0x5F, 0x4B, 0x5F, 0x4B, 0x5F, 0x4B, 0x7F, 0x4B, 0x9F, 0x53, 0x00, 0x00, 0x00, 0x00, 0x00, 0x00, 0x00, 0x00, 0x00, 0x00, 0x00, 0x00, 0x00, 0x00, 
  0x00, 0x00, 0x00, 0x00, 0x00, 0x00, 0x00, 0x00, 0x00, 0x00, 0x00, 0x00, 0x00, 0x00, 0x00, 0x00, 0x00, 0x00, 0x00, 0x00, 0x00, 0x00, 0x00, 0x00, 0x00, 0x00, 0x00, 0x00, 0x5F, 0x4B, 0x7F, 0x4B, 
  0x5F, 0x4B, 0x5F, 0x4B, 0x5F, 0x4B, 0x5F, 0x4B, 0x7F, 0x4B, 0x5F, 0x4B, 0x00, 0x00, 0x00, 0x00, 0x00, 0x00, 0x00, 0x00, 0x00, 0x00, 0x00, 0x00, 0x00, 0x00, 0x00, 0x00, 0x00, 0x00, 0x00, 0x00, 
  0x00, 0x00, 0x00, 0x00, 0x00, 0x00, 0x00, 0x00, 0x00, 0x00, 0x00, 0x00, 0x00, 0x00, 0x00, 0x00, 0x00, 0x00, 0x00, 0x00, 0x00, 0x00, 0x00, 0x00, 0x00, 0x00, 0x00, 0x00, 0x00, 0x00, 0x00, 0x00, 
  0x00, 0x00, 0x00, 0x00, 0x00, 0x00, 0x00, 0x00, 0x7F, 0x4B, 0x9F, 0x53, 0x7F, 0x4B, 0x5F, 0x4B, 0x5F, 0x4B, 0x5F, 0x4B, 0x5F, 0x4B, 0x5F, 0x4B, 0x5F, 0x4B, 0x5F, 0x4B, 0x5F, 0x4B, 0x5F, 0x4B, 
  0x5F, 0x4B, 0x5F, 0x4B, 0x5F, 0x4B, 0x5F, 0x4B, 0x5F, 0x4B, 0x5F, 0x4B, 0x5F, 0x4B, 0x7F, 0x4B, 0x7F, 0x4B, 0x00, 0x00, 0x00, 0x00, 0x5F, 0x4B, 0x7F, 0x53, 0xBF, 0x53, 0x00, 0x00, 0x00, 0x00, 
  0x00, 0x00, 0x00, 0x00, 0x00, 0x00, 0x00, 0x00, 0x00, 0x00, 0x7F, 0x4B, 0x7F, 0x53, 0x5F, 0x4B, 0x5F, 0x4B, 0x5F, 0x4B, 0x5F, 0x4B, 0x5F, 0x4B, 0x5F, 0x4B, 0x5F, 0x4B, 0x5F, 0x4B, 0x5F, 0x4B, 
  0x5F, 0x4B, 0x5F, 0x4B, 0x5F, 0x4B, 0x5F, 0x4B, 0x5F, 0x4B, 0x5F, 0x4B, 0x5F, 0x4B, 0x5F, 0x4B, 0x5F, 0x4B, 0x7F, 0x4B, 0x7F, 0x4B, 0x00, 0x00, 0x00, 0x00, 0x00, 0x00, 0x00, 0x00, 0x00, 0x00, 
  0x00, 0x00, 0x00, 0x00, 0x00, 0x00, 0x00, 0x00, 0x00, 0x00, 0x00, 0x00, 0x00, 0x00, 0x00, 0x00, 0x00, 0x00, 0x00, 0x00, 0x00, 0x00, 0x00, 0x00, 0x00, 0x00, 0x00, 0x00, 0x00, 0x00, 0x00, 0x00, 
  0x5F, 0x4B, 0x7F, 0x53, 0x5F, 0x4B, 0x5F, 0x4B, 0x5F, 0x4B, 0x5F, 0x4B, 0x5F, 0x4B, 0x9F, 0x53, 0x00, 0x00, 0x00, 0x00, 0x00, 0x00, 0x00, 0x00, 0x00, 0x00, 0x00, 0x00, 0x00, 0x00, 0x00, 0x00, 
  0x00, 0x00, 0x00, 0x00, 0x00, 0x00, 0x00, 0x00, 0x00, 0x00, 0x00, 0x00, 0x00, 0x00, 0x00, 0x00, 0x00, 0x00, 0x00, 0x00, 0x00, 0x00, 0x00, 0x00, 0x00, 0x00, 0x00, 0x00, 0x00, 0x00, 0x00, 0x00, 
  0x00, 0x00, 0x00, 0x00, 0x00, 0x00, 0x00, 0x00, 0x00, 0x00, 0x00, 0x00, 0x00, 0x00, 0x00, 0x00, 0x7F, 0x4B, 0x7F, 0x53, 0x5F, 0x4B, 0x5F, 0x4B, 0x5F, 0x4B, 0x5F, 0x4B, 0x5F, 0x4B, 0x5F, 0x4B, 
  0x5F, 0x4B, 0x5F, 0x4B, 0x5F, 0x4B, 0x5F, 0x4B, 0x5F, 0x4B, 0x5F, 0x4B, 0x5F, 0x4B, 0x5F, 0x4B, 0x5F, 0x4B, 0x7F, 0x4B, 0x5F, 0x4B, 0x00, 0x00, 0x00, 0x00, 0x00, 0x00, 0x7F, 0x53, 0xBF, 0x53, 
  0x5F, 0x4B, 0x00, 0x00, 0x00, 0x00, 0x00, 0x00, 0x00, 0x00, 0x00, 0x00, 0x00, 0x00, 0x00, 0x00, 0x7F, 0x53, 0x7F, 0x4B, 0x5F, 0x4B, 0x5F, 0x4B, 0x5F, 0x4B, 0x5F, 0x4B, 0x5F, 0x4B, 0x5F, 0x4B, 
  0x5F, 0x4B, 0x5F, 0x4B, 0x5F, 0x4B, 0x5F, 0x4B, 0x5F, 0x4B, 0x5F, 0x4B, 0x5F, 0x4B, 0x5F, 0x4B, 0x5F, 0x4B, 0x5F, 0x4B, 0x5F, 0x4B, 0x7F, 0x4B, 0x5F, 0x4B, 0x00, 0x00, 0x00, 0x00, 0x00, 0x00, 
  0x00, 0x00, 0x00, 0x00, 0x00, 0x00, 0x00, 0x00, 0x00, 0x00, 0x00, 0x00, 0x00, 0x00, 0x00, 0x00, 0x00, 0x00, 0x00, 0x00, 0x00, 0x00, 0x00, 0x00, 0x00, 0x00, 0x00, 0x00, 0x00, 0x00, 0x00, 0x00, 
  0x00, 0x00, 0x00, 0x00, 0x5F, 0x4B, 0x7F, 0x53, 0x5F, 0x4B, 0x5F, 0x4B, 0x5F, 0x4B, 0x5F, 0x4B, 0x5F, 0x4B, 0x9F, 0x53, 0x5F, 0x4B, 0x00, 0x00, 0x00, 0x00, 0x00, 0x00, 0x00, 0x00, 0x00, 0x00, 
  0x00, 0x00, 0x00, 0x00, 0x00, 0x00, 0x00, 0x00, 0x00, 0x00, 0x00, 0x00, 0x00, 0x00, 0x00, 0x00, 0x00, 0x00, 0x00, 0x00, 0x00, 0x00, 0x00, 0x00, 0x00, 0x00, 0x00, 0x00, 0x00, 0x00, 0x00, 0x00, 
  0x00, 0x00, 0x00, 0x00, 0x00, 0x00, 0x00, 0x00, 0x00, 0x00, 0x00, 0x00, 0x00, 0x00, 0x00, 0x00, 0x00, 0x00, 0x00, 0x00, 0x00, 0x00, 0x7F, 0x4B, 0x7F, 0x53, 0x5F, 0x4B, 0x5F, 0x4B, 0x5F, 0x4B, 
  0x5F, 0x4B, 0x5F, 0x4B, 0x5F, 0x4B, 0x5F, 0x4B, 0x5F, 0x4B, 0x5F, 0x4B, 0x5F, 0x4B, 0x5F, 0x4B, 0x5F, 0x4B, 0x5F, 0x4B, 0x5F, 0x4B, 0x7F, 0x4B, 0x7F, 0x4B, 0x5F, 0x4B, 0x00, 0x00, 0x5F, 0x4B, 
  0x9F, 0x53, 0x9F, 0x53, 0x00, 0x00, 0x00, 0x00, 0x00, 0x00, 0x00, 0x00, 0x00, 0x00, 0x00, 0x00, 0x00, 0x00, 0x00, 0x00, 0x5F, 0x4B, 0x9F, 0x53, 0x5F, 0x4B, 0x5F, 0x4B, 0x5F, 0x4B, 0x5F, 0x4B, 
  0x5F, 0x4B, 0x5F, 0x4B, 0x5F, 0x4B, 0x5F, 0x4B, 0x5F, 0x4B, 0x5F, 0x4B, 0x5F, 0x4B, 0x5F, 0x4B, 0x5F, 0x4B, 0x5F, 0x4B, 0x5F, 0x4B, 0x5F, 0x4B, 0x5F, 0x4B, 0x9F, 0x53, 0x5F, 0x4B, 0x00, 0x00, 
  0x00, 0x00, 0x00, 0x00, 0x00, 0x00, 0x00, 0x00, 0x00, 0x00, 0x00, 0x00, 0x00, 0x00, 0x00, 0x00, 0x00, 0x00, 0x00, 0x00, 0x00, 0x00, 0x00, 0x00, 0x00, 0x00, 0x00, 0x00, 0x00, 0x00, 0x00, 0x00, 
  0x00, 0x00, 0x00, 0x00, 0x00, 0x00, 0x00, 0x00, 0x7F, 0x4B, 0x9F, 0x53, 0x5F, 0x4B, 0x5F, 0x4B, 0x5F, 0x4B, 0x5F, 0x4B, 0x5F, 0x4B, 0x7F, 0x53, 0x5F, 0x4B, 0x00, 0x00, 0x00, 0x00, 0x00, 0x00, 
  0x00, 0x00, 0x00, 0x00, 0x00, 0x00, 0x00, 0x00, 0x00, 0x00, 0x00, 0x00, 0x00, 0x00, 0x00, 0x00, 0x00, 0x00, 0x00, 0x00, 0x00, 0x00, 0x00, 0x00, 0x00, 0x00, 0x00, 0x00, 0x00, 0x00, 0x00, 0x00, 
  0x00, 0x00, 0x00, 0x00, 0x00, 0x00, 0x00, 0x00, 0x00, 0x00, 0x00, 0x00, 0x00, 0x00, 0x00, 0x00, 0x00, 0x00, 0x00, 0x00, 0x00, 0x00, 0x00, 0x00, 0x00, 0x00, 0x00, 0x00, 0x7F, 0x4B, 0x7F, 0x53, 
  0x5F, 0x4B, 0x5F, 0x4B, 0x5F, 0x4B, 0x5F, 0x4B, 0x5F, 0x4B, 0x5F, 0x4B, 0x5F, 0x4B, 0x5F, 0x4B, 0x5F, 0x4B, 0x5F, 0x4B, 0x5F, 0x4B, 0x5F, 0x4B, 0x5F, 0x4B, 0x5F, 0x4B, 0x5F, 0x4B, 0x7F, 0x4B, 
  0x7F, 0x4B, 0x7F, 0x53, 0x7F, 0x4B, 0x7F, 0x53, 0x00, 0x00, 0x00, 0x00, 0x00, 0x00, 0x00, 0x00, 0x00, 0x00, 0x00, 0x00, 0x00, 0x00, 0x00, 0x00, 0x00, 0x00, 0x5F, 0x4B, 0x7F, 0x53, 0x5F, 0x4B, 
  0x5F, 0x4B, 0x5F, 0x4B, 0x5F, 0x4B, 0x5F, 0x4B, 0x5F, 0x4B, 0x5F, 0x4B, 0x5F, 0x4B, 0x5F, 0x4B, 0x5F, 0x4B, 0x5F, 0x4B, 0x5F, 0x4B, 0x5F, 0x4B, 0x5F, 0x4B, 0x5F, 0x4B, 0x5F, 0x4B, 0x9F, 0x53, 
  0x5F, 0x4B, 0x00, 0x00, 0x00, 0x00, 0x00, 0x00, 0x00, 0x00, 0x00, 0x00, 0x00, 0x00, 0x00, 0x00, 0x00, 0x00, 0x00, 0x00, 0x00, 0x00, 0x00, 0x00, 0x00, 0x00, 0x00, 0x00, 0x00, 0x00, 0x00, 0x00, 
  0x00, 0x00, 0x00, 0x00, 0x00, 0x00, 0x00, 0x00, 0x00, 0x00, 0x00, 0x00, 0x5F, 0x4B, 0x9F, 0x53, 0x5F, 0x4B, 0x5F, 0x4B, 0x5F, 0x4B, 0x5F, 0x4B, 0x5F, 0x4B, 0x7F, 0x4B, 0x5F, 0x4B, 0x00, 0x00, 
  0x00, 0x00, 0x00, 0x00, 0x00, 0x00, 0x00, 0x00, 0x00, 0x00, 0x00, 0x00, 0x00, 0x00, 0x00, 0x00, 0x00, 0x00, 0x00, 0x00, 0x00, 0x00, 0x00, 0x00, 0x00, 0x00, 0x00, 0x00, 0x00, 0x00, 0x00, 0x00, 
  0x00, 0x00, 0x00, 0x00, 0x00, 0x00, 0x00, 0x00, 0x00, 0x00, 0x00, 0x00, 0x00, 0x00, 0x00, 0x00, 0x00, 0x00, 0x00, 0x00, 0x00, 0x00, 0x00, 0x00, 0x00, 0x00, 0x00, 0x00, 0x00, 0x00, 0x00, 0x00, 
  0x00, 0x00, 0x7F, 0x4B, 0x7F, 0x53, 0x5F, 0x4B, 0x5F, 0x4B, 0x5F, 0x4B, 0x5F, 0x4B, 0x5F, 0x4B, 0x5F, 0x4B, 0x5F, 0x4B, 0x5F, 0x4B, 0x5F, 0x4B, 0x5F, 0x4B, 0x5F, 0x4B, 0x5F, 0x4B, 0x5F, 0x4B, 
  0x5F, 0x4B, 0x5F, 0x4B, 0x7F, 0x4B, 0x5F, 0x4B, 0x7F, 0x4B, 0x9F, 0x53, 0x00, 0x00, 0x00, 0x00, 0x00, 0x00, 0x00, 0x00, 0x00, 0x00, 0x00, 0x00, 0x00, 0x00, 0x00, 0x00, 0x00, 0x00, 0x5F, 0x4B, 
  0x9F, 0x53, 0x5F, 0x4B, 0x5F, 0x4B, 0x5F, 0x4B, 0x5F, 0x4B, 0x5F, 0x4B, 0x5F, 0x4B, 0x5F, 0x4B, 0x5F, 0x4B, 0x5F, 0x4B, 0x5F, 0x4B, 0x5F, 0x4B, 0x5F, 0x4B, 0x5F, 0x4B, 0x5F, 0x4B, 0x5F, 0x4B, 
  0x7F, 0x4B, 0x7F, 0x4B, 0x00, 0x00, 0x00, 0x00, 0x00, 0x00, 0x00, 0x00, 0x00, 0x00, 0x00, 0x00, 0x00, 0x00, 0x00, 0x00, 0x00, 0x00, 0x00, 0x00, 0x00, 0x00, 0x00, 0x00, 0x00, 0x00, 0x00, 0x00, 
  0x00, 0x00, 0x00, 0x00, 0x00, 0x00, 0x00, 0x00, 0x00, 0x00, 0x00, 0x00, 0x00, 0x00, 0x00, 0x00, 0x5F, 0x4B, 0xBF, 0x53, 0x5F, 0x4B, 0x5F, 0x4B, 0x5F, 0x4B, 0x5F, 0x4B, 0x5F, 0x4B, 0x5F, 0x4B, 
  0x9F, 0x53, 0x00, 0x00, 0x00, 0x00, 0x00, 0x00, 0x00, 0x00, 0x00, 0x00, 0x00, 0x00, 0x00, 0x00, 0x00, 0x00, 0x00, 0x00, 0x00, 0x00, 0x00, 0x00, 0x00, 0x00, 0x00, 0x00, 0x00, 0x00, 0x00, 0x00, 
  0x00, 0x00, 0x00, 0x00, 0x00, 0x00, 0x00, 0x00, 0x00, 0x00, 0x00, 0x00, 0x00, 0x00, 0x00, 0x00, 0x00, 0x00, 0x00, 0x00, 0x00, 0x00, 0x00, 0x00, 0x00, 0x00, 0x00, 0x00, 0x00, 0x00, 0x00, 0x00, 
  0x00, 0x00, 0x00, 0x00, 0x00, 0x00, 0x00, 0x00, 0x7F, 0x4B, 0x7F, 0x53, 0x5F, 0x4B, 0x5F, 0x4B, 0x5F, 0x4B, 0x5F, 0x4B, 0x5F, 0x4B, 0x5F, 0x4B, 0x5F, 0x4B, 0x5F, 0x4B, 0x5F, 0x4B, 0x5F, 0x4B, 
  0x5F, 0x4B, 0x5F, 0x4B, 0x5F, 0x4B, 0x5F, 0x4B, 0x5F, 0x4B, 0x5F, 0x4B, 0x5F, 0x4B, 0xBF, 0x53, 0x5F, 0x4B, 0x00, 0x00, 0x00, 0x00, 0x00, 0x00, 0x00, 0x00, 0x00, 0x00, 0x00, 0x00, 0x00, 0x00, 
  0x00, 0x00, 0x00, 0x00, 0x5F, 0x4B, 0x7F, 0x4B, 0x5F, 0x4B, 0x5F, 0x4B, 0x5F, 0x4B, 0x5F, 0x4B, 0x5F, 0x4B, 0x5F, 0x4B, 0x5F, 0x4B, 0x5F, 0x4B, 0x5F, 0x4B, 0x5F, 0x4B, 0x5F, 0x4B, 0x5F, 0x4B, 
  0x5F, 0x4B, 0x5F, 0x4B, 0x7F, 0x4B, 0x5F, 0x4B, 0x00, 0x00, 0x00, 0x00, 0x00, 0x00, 0x00, 0x00, 0x00, 0x00, 0x00, 0x00, 0x00, 0x00, 0x00, 0x00, 0x00, 0x00, 0x00, 0x00, 0x00, 0x00, 0x00, 0x00, 
  0x00, 0x00, 0x00, 0x00, 0x00, 0x00, 0x00, 0x00, 0x00, 0x00, 0x00, 0x00, 0x00, 0x00, 0x00, 0x00, 0x00, 0x00, 0x00, 0x00, 0x00, 0x00, 0x9F, 0x53, 0x7F, 0x4B, 0x5F, 0x4B, 0x5F, 0x4B, 0x5F, 0x4B, 
  0x5F, 0x4B, 0x5F, 0x4B, 0x9F, 0x53, 0x5F, 0x4B, 0x00, 0x00, 0x00, 0x00, 0x00, 0x00, 0x00, 0x00, 0x00, 0x00, 0x00, 0x00, 0x00, 0x00, 0x00, 0x00, 0x00, 0x00, 0x00, 0x00, 0x00, 0x00, 0x00, 0x00, 
  0x00, 0x00, 0x00, 0x00, 0x00, 0x00, 0x00, 0x00, 0x00, 0x00, 0x00, 0x00, 0x00, 0x00, 0x00, 0x00, 0x00, 0x00, 0x00, 0x00, 0x00, 0x00, 0x00, 0x00, 0x00, 0x00, 0x00, 0x00, 0x00, 0x00, 0x00, 0x00, 
  0x00, 0x00, 0x00, 0x00, 0x00, 0x00, 0x00, 0x00, 0x00, 0x00, 0x00, 0x00, 0x00, 0x00, 0x7F, 0x4B, 0x7F, 0x4B, 0x5F, 0x4B, 0x5F, 0x4B, 0x5F, 0x4B, 0x5F, 0x4B, 0x5F, 0x4B, 0x5F, 0x4B, 0x5F, 0x4B, 
  0x5F, 0x4B, 0x5F, 0x4B, 0x5F, 0x4B, 0x5F, 0x4B, 0x5F, 0x4B, 0x5F, 0x4B, 0x5F, 0x4B, 0x5F, 0x4B, 0x5F, 0x4B, 0x7F, 0x4B, 0x5F, 0x4B, 0x00, 0x00, 0x00, 0x00, 0x00, 0x00, 0x00, 0x00, 0x00, 0x00, 
  0x00, 0x00, 0x00, 0x00, 0x00, 0x00, 0x00, 0x00, 0x00, 0x00, 0x9F, 0x53, 0x5F, 0x4B, 0x5F, 0x4B, 0x5F, 0x4B, 0x5F, 0x4B, 0x5F, 0x4B, 0x5F, 0x4B, 0x5F, 0x4B, 0x5F, 0x4B, 0x5F, 0x4B, 0x5F, 0x4B, 
  0x5F, 0x4B, 0x5F, 0x4B, 0x5F, 0x4B, 0x5F, 0x4B, 0x9F, 0x53, 0x5F, 0x4B, 0x00, 0x00, 0x00, 0x00, 0x00, 0x00, 0x00, 0x00, 0x00, 0x00, 0x00, 0x00, 0x00, 0x00, 0x00, 0x00, 0x00, 0x00, 0x00, 0x00, 
  0x00, 0x00, 0x00, 0x00, 0x00, 0x00, 0x00, 0x00, 0x00, 0x00, 0x00, 0x00, 0x00, 0x00, 0x00, 0x00, 0x00, 0x00, 0x00, 0x00, 0x00, 0x00, 0x00, 0x00, 0x00, 0x00, 0x7F, 0x4B, 0x7F, 0x4B, 0x5F, 0x4B, 
  0x5F, 0x4B, 0x5F, 0x4B, 0x5F, 0x4B, 0x5F, 0x4B, 0x7F, 0x4B, 0x5F, 0x4B, 0x00, 0x00, 0x00, 0x00, 0x00, 0x00, 0x00, 0x00, 0x00, 0x00, 0x00, 0x00, 0x00, 0x00, 0x00, 0x00, 0x00, 0x00, 0x00, 0x00, 
  0x00, 0x00, 0x00, 0x00, 0x00, 0x00, 0x00, 0x00, 0x00, 0x00, 0x00, 0x00, 0x00, 0x00, 0x00, 0x00, 0x00, 0x00, 0x00, 0x00, 0x00, 0x00, 0x00, 0x00, 0x00, 0x00, 0x00, 0x00, 0x00, 0x00, 0x00, 0x00, 
  0x00, 0x00, 0x00, 0x00, 0x00, 0x00, 0x00, 0x00, 0x00, 0x00, 0x00, 0x00, 0x00, 0x00, 0x00, 0x00, 0x00, 0x00, 0x5F, 0x4B, 0xBF, 0x53, 0x5F, 0x4B, 0x5F, 0x4B, 0x5F, 0x4B, 0x5F, 0x4B, 0x5F, 0x4B, 
  0x5F, 0x4B, 0x5F, 0x4B, 0x5F, 0x4B, 0x5F, 0x4B, 0x5F, 0x4B, 0x5F, 0x4B, 0x5F, 0x4B, 0x5F, 0x4B, 0x5F, 0x4B, 0x5F, 0x4B, 0x5F, 0x4B, 0x5F, 0x4B, 0x9F, 0x53, 0x7F, 0x4B, 0x00, 0x00, 0x00, 0x00, 
  0x00, 0x00, 0x00, 0x00, 0x00, 0x00, 0x00, 0x00, 0x00, 0x00, 0x00, 0x00, 0x00, 0x00, 0x7F, 0x4B, 0x7F, 0x4B, 0x5F, 0x4B, 0x5F, 0x4B, 0x5F, 0x4B, 0x5F, 0x4B, 0x5F, 0x4B, 0x5F, 0x4B, 0x5F, 0x4B, 
  0x5F, 0x4B, 0x5F, 0x4B, 0x5F, 0x4B, 0x5F, 0x4B, 0x5F, 0x4B, 0x7F, 0x4B, 0x9F, 0x53, 0x00, 0x00, 0x00, 0x00, 0x00, 0x00, 0x00, 0x00, 0x00, 0x00, 0x00, 0x00, 0x00, 0x00, 0x00, 0x00, 0x00, 0x00, 
  0x00, 0x00, 0x00, 0x00, 0x00, 0x00, 0x00, 0x00, 0x00, 0x00, 0x00, 0x00, 0x00, 0x00, 0x00, 0x00, 0x00, 0x00, 0x00, 0x00, 0x00, 0x00, 0x00, 0x00, 0x00, 0x00, 0x00, 0x00, 0x00, 0x00, 0x5F, 0x4B, 
  0x7F, 0x4B, 0x5F, 0x4B, 0x5F, 0x4B, 0x5F, 0x4B, 0x5F, 0x4B, 0x5F, 0x4B, 0x5F, 0x4B, 0x9F, 0x53, 0x00, 0x00, 0x00, 0x00, 0x00, 0x00, 0x00, 0x00, 0x00, 0x00, 0x00, 0x00, 0x00, 0x00, 0x00, 0x00, 
  0x00, 0x00, 0x00, 0x00, 0x00, 0x00, 0x00, 0x00, 0x00, 0x00, 0x00, 0x00, 0x00, 0x00, 0x00, 0x00, 0x00, 0x00, 0x00, 0x00, 0x00, 0x00, 0x00, 0x00, 0x00, 0x00, 0x00, 0x00, 0x00, 0x00, 0x00, 0x00, 
  0x00, 0x00, 0x00, 0x00, 0x00, 0x00, 0x00, 0x00, 0x00, 0x00, 0x00, 0x00, 0x00, 0x00, 0x00, 0x00, 0x00, 0x00, 0x00, 0x00, 0x00, 0x00, 0x00, 0x00, 0x5F, 0x4B, 0x9F, 0x53, 0x5F, 0x4B, 0x5F, 0x4B, 
  0x5F, 0x4B, 0x5F, 0x4B, 0x5F, 0x4B, 0x5F, 0x4B, 0x5F, 0x4B, 0x5F, 0x4B, 0x5F, 0x4B, 0x5F, 0x4B, 0x5F, 0x4B, 0x5F, 0x4B, 0x5F, 0x4B, 0x5F, 0x4B, 0x5F, 0x4B, 0x5F, 0x4B, 0x5F, 0x4B, 0x9F, 0x53, 
  0x7F, 0x4B, 0x00, 0x00, 0x00, 0x00, 0x00, 0x00, 0x00, 0x00, 0x00, 0x00, 0x00, 0x00, 0x00, 0x00, 0x7F, 0x4B, 0x7F, 0x53, 0x5F, 0x4B, 0x5F, 0x4B, 0x5F, 0x4B, 0x5F, 0x4B, 0x5F, 0x4B, 0x5F, 0x4B, 
  0x5F, 0x4B, 0x5F, 0x4B, 0x5F, 0x4B, 0x5F, 0x4B, 0x5F, 0x4B, 0x5F, 0x4B, 0x5F, 0x4B, 0x7F, 0x4B, 0x5F, 0x4B, 0x00, 0x00, 0x00, 0x00, 0x00, 0x00, 0x00, 0x00, 0x00, 0x00, 0x00, 0x00, 0x00, 0x00, 
  0x00, 0x00, 0x00, 0x00, 0x00, 0x00, 0x00, 0x00, 0x00, 0x00, 0x00, 0x00, 0x00, 0x00, 0x00, 0x00, 0x00, 0x00, 0x00, 0x00, 0x00, 0x00, 0x00, 0x00, 0x00, 0x00, 0x00, 0x00, 0x00, 0x00, 0x00, 0x00, 
  0x00, 0x00, 0x5F, 0x4B, 0x9F, 0x53, 0x5F, 0x4B, 0x5F, 0x4B, 0x5F, 0x4B, 0x5F, 0x4B, 0x5F, 0x4B, 0x5F, 0x4B, 0x9F, 0x53, 0x5F, 0x4B, 0x00, 0x00, 0x00, 0x00, 0x00, 0x00, 0x00, 0x00, 0x00, 0x00, 
  0x00, 0x00, 0x00, 0x00, 0x00, 0x00, 0x00, 0x00, 0x00, 0x00, 0x00, 0x00, 0x00, 0x00, 0x00, 0x00, 0x00, 0x00, 0x00, 0x00, 0x00, 0x00, 0x00, 0x00, 0x00, 0x00, 0x00, 0x00, 0x00, 0x00, 0x00, 0x00, 
  0x00, 0x00, 0x00, 0x00, 0x00, 0x00, 0x00, 0x00, 0x00, 0x00, 0x00, 0x00, 0x00, 0x00, 0x00, 0x00, 0x00, 0x00, 0x00, 0x00, 0x00, 0x00, 0x00, 0x00, 0x00, 0x00, 0x00, 0x00, 0x00, 0x00, 0x5F, 0x4B, 
  0x9F, 0x53, 0x5F, 0x4B, 0x5F, 0x4B, 0x5F, 0x4B, 0x5F, 0x4B, 0x5F, 0x4B, 0x5F, 0x4B, 0x5F, 0x4B, 0x5F, 0x4B, 0x5F, 0x4B, 0x5F, 0x4B, 0x5F, 0x4B, 0x5F, 0x4B, 0x5F, 0x4B, 0x5F, 0x4B, 0x5F, 0x4B, 
  0x5F, 0x4B, 0x5F, 0x4B, 0x9F, 0x53, 0x7F, 0x4B, 0x5F, 0x4B, 0x00, 0x00, 0x00, 0x00, 0x00, 0x00, 0x5F, 0x4B, 0x7F, 0x4B, 0x9F, 0x53, 0x5F, 0x4B, 0x5F, 0x4B, 0x5F, 0x4B, 0x5F, 0x4B, 0x5F, 0x4B, 
  0x5F, 0x4B, 0x5F, 0x4B, 0x5F, 0x4B, 0x5F, 0x4B, 0x5F, 0x4B, 0x5F, 0x4B, 0x5F, 0x4B, 0x5F, 0x4B, 0x5F, 0x4B, 0x9F, 0x53, 0x5F, 0x4B, 0x00, 0x00, 0x00, 0x00, 0x00, 0x00, 0x00, 0x00, 0x00, 0x00, 
  0x00, 0x00, 0x00, 0x00, 0x00, 0x00, 0x00, 0x00, 0x00, 0x00, 0x00, 0x00, 0x00, 0x00, 0x00, 0x00, 0x00, 0x00, 0x00, 0x00, 0x00, 0x00, 0x00, 0x00, 0x00, 0x00, 0x00, 0x00, 0x00, 0x00, 0x00, 0x00, 
  0x00, 0x00, 0x00, 0x00, 0x00, 0x00, 0x5F, 0x4B, 0x9F, 0x53, 0x5F, 0x4B, 0x5F, 0x4B, 0x5F, 0x4B, 0x5F, 0x4B, 0x5F, 0x4B, 0x5F, 0x4B, 0x7F, 0x4B, 0x7F, 0x4B, 0x00, 0x00, 0x00, 0x00, 0x00, 0x00, 
  0x00, 0x00, 0x00, 0x00, 0x00, 0x00, 0x00, 0x00, 0x00, 0x00, 0x00, 0x00, 0x00, 0x00, 0x00, 0x00, 0x00, 0x00, 0x00, 0x00, 0x00, 0x00, 0x00, 0x00, 0x00, 0x00, 0x00, 0x00, 0x00, 0x00, 0x00, 0x00, 
  0x00, 0x00, 0x00, 0x00, 0x00, 0x00, 0x00, 0x00, 0x00, 0x00, 0x00, 0x00, 0x00, 0x00, 0x00, 0x00, 0x00, 0x00, 0x00, 0x00, 0x00, 0x00, 0x00, 0x00, 0x00, 0x00, 0x00, 0x00, 0x00, 0x00, 0x00, 0x00, 
  0x00, 0x00, 0x00, 0x00, 0x7F, 0x4B, 0x7F, 0x4B, 0x5F, 0x4B, 0x5F, 0x4B, 0x5F, 0x4B, 0x5F, 0x4B, 0x5F, 0x4B, 0x5F, 0x4B, 0x5F, 0x4B, 0x5F, 0x4B, 0x5F, 0x4B, 0x5F, 0x4B, 0x5F, 0x4B, 0x5F, 0x4B, 
  0x5F, 0x4B, 0x5F, 0x4B, 0x5F, 0x4B, 0x5F, 0x4B, 0x5F, 0x4B, 0x7F, 0x4B, 0x9F, 0x53, 0x9F, 0x53, 0x7F, 0x53, 0x9F, 0x53, 0x9F, 0x53, 0x7F, 0x4B, 0x5F, 0x4B, 0x5F, 0x4B, 0x5F, 0x4B, 0x5F, 0x4B, 
  0x5F, 0x4B, 0x5F, 0x4B, 0x5F, 0x4B, 0x5F, 0x4B, 0x5F, 0x4B, 0x5F, 0x4B, 0x5F, 0x4B, 0x5F, 0x4B, 0x5F, 0x4B, 0x5F, 0x4B, 0x7F, 0x4B, 0x7F, 0x4B, 0x00, 0x00, 0x00, 0x00, 0x00, 0x00, 0x00, 0x00, 
  0x00, 0x00, 0x00, 0x00, 0x00, 0x00, 0x00, 0x00, 0x00, 0x00, 0x00, 0x00, 0x00, 0x00, 0x00, 0x00, 0x00, 0x00, 0x00, 0x00, 0x00, 0x00, 0x00, 0x00, 0x00, 0x00, 0x00, 0x00, 0x00, 0x00, 0x00, 0x00, 
  0x00, 0x00, 0x00, 0x00, 0x00, 0x00, 0x00, 0x00, 0x00, 0x00, 0x00, 0x00, 0x9F, 0x53, 0x7F, 0x4B, 0x5F, 0x4B, 0x5F, 0x4B, 0x5F, 0x4B, 0x5F, 0x4B, 0x5F, 0x4B, 0x5F, 0x4B, 0x9F, 0x53, 0x5F, 0x4B, 
  0x00, 0x00, 0x00, 0x00, 0x00, 0x00, 0x00, 0x00, 0x00, 0x00, 0x00, 0x00, 0x00, 0x00, 0x00, 0x00, 0x00, 0x00, 0x00, 0x00, 0x00, 0x00, 0x00, 0x00, 0x00, 0x00, 0x00, 0x00, 0x00, 0x00, 0x00, 0x00, 
  0x00, 0x00, 0x00, 0x00, 0x00, 0x00, 0x00, 0x00, 0x00, 0x00, 0x00, 0x00, 0x00, 0x00, 0x00, 0x00, 0x00, 0x00, 0x00, 0x00, 0x00, 0x00, 0x00, 0x00, 0x00, 0x00, 0x00, 0x00, 0x00, 0x00, 0x00, 0x00, 
  0x00, 0x00, 0x00, 0x00, 0x00, 0x00, 0x00, 0x00, 0x5F, 0x4B, 0xBF, 0x53, 0x5F, 0x4B, 0x5F, 0x4B, 0x5F, 0x4B, 0x5F, 0x4B, 0x5F, 0x4B, 0x5F, 0x4B, 0x5F, 0x4B, 0x5F, 0x4B, 0x5F, 0x4B, 0x5F, 0x4B, 
  0x5F, 0x4B, 0x5F, 0x4B, 0x5F, 0x4B, 0x5F, 0x4B, 0x5F, 0x4B, 0x5F, 0x4B, 0x5F, 0x4B, 0x5F, 0x4B, 0x5F, 0x4B, 0x7F, 0x4B, 0x7F, 0x4B, 0x5F, 0x4B, 0x5F, 0x4B, 0x5F, 0x4B, 0x5F, 0x4B, 0x5F, 0x4B, 
  0x5F, 0x4B, 0x5F, 0x4B, 0x5F, 0x4B, 0x5F, 0x4B, 0x5F, 0x4B, 0x5F, 0x4B, 0x5F, 0x4B, 0x5F, 0x4B, 0x5F, 0x4B, 0x5F, 0x4B, 0x5F, 0x4B, 0x5F, 0x4B, 0x9F, 0x53, 0x5F, 0x4B, 0x00, 0x00, 0x00, 0x00, 
  0x00, 0x00, 0x00, 0x00, 0x00, 0x00, 0x00, 0x00, 0x00, 0x00, 0x00, 0x00, 0x00, 0x00, 0x00, 0x00, 0x00, 0x00, 0x00, 0x00, 0x00, 0x00, 0x00, 0x00, 0x00, 0x00, 0x00, 0x00, 0x00, 0x00, 0x00, 0x00, 
  0x00, 0x00, 0x00, 0x00, 0x00, 0x00, 0x00, 0x00, 0x00, 0x00, 0x00, 0x00, 0x00, 0x00, 0x00, 0x00, 0x5F, 0x4B, 0x7F, 0x4B, 0x5F, 0x4B, 0x5F, 0x4B, 0x5F, 0x4B, 0x5F, 0x4B, 0x5F, 0x4B, 0x5F, 0x4B, 
  0x7F, 0x4B, 0x7F, 0x4B, 0x00, 0x00, 0x00, 0x00, 0x00, 0x00, 0x00, 0x00, 0x00, 0x00, 0x00, 0x00, 0x00, 0x00, 0x00, 0x00, 0x00, 0x00, 0x00, 0x00, 0x00, 0x00, 0x00, 0x00, 0x00, 0x00, 0x00, 0x00, 
  0x00, 0x00, 0x00, 0x00, 0x00, 0x00, 0x00, 0x00, 0x00, 0x00, 0x00, 0x00, 0x00, 0x00, 0x00, 0x00, 0x00, 0x00, 0x00, 0x00, 0x00, 0x00, 0x00, 0x00, 0x00, 0x00, 0x00, 0x00, 0x00, 0x00, 0x00, 0x00, 
  0x00, 0x00, 0x00, 0x00, 0x00, 0x00, 0x00, 0x00, 0x00, 0x00, 0x00, 0x00, 0x00, 0x00, 0x7F, 0x4B, 0x9F, 0x53, 0x5F, 0x4B, 0x5F, 0x4B, 0x5F, 0x4B, 0x5F, 0x4B, 0x5F, 0x4B, 0x5F, 0x4B, 0x5F, 0x4B, 
  0x5F, 0x4B, 0x5F, 0x4B, 0x5F, 0x4B, 0x5F, 0x4B, 0x5F, 0x4B, 0x5F, 0x4B, 0x5F, 0x4B, 0x5F, 0x4B, 0x5F, 0x4B, 0x5F, 0x4B, 0x5F, 0x4B, 0x5F, 0x4B, 0x5F, 0x4B, 0x5F, 0x4B, 0x5F, 0x4B, 0x5F, 0x4B, 
  0x5F, 0x4B, 0x5F, 0x4B, 0x5F, 0x4B, 0x5F, 0x4B, 0x5F, 0x4B, 0x5F, 0x4B, 0x5F, 0x4B, 0x5F, 0x4B, 0x5F, 0x4B, 0x5F, 0x4B, 0x5F, 0x4B, 0x5F, 0x4B, 0x5F, 0x4B, 0x7F, 0x4B, 0x9F, 0x53, 0x00, 0x00, 
  0x00, 0x00, 0x00, 0x00, 0x00, 0x00, 0x00, 0x00, 0x00, 0x00, 0x00, 0x00, 0x00, 0x00, 0x00, 0x00, 0x00, 0x00, 0x00, 0x00, 0x00, 0x00, 0x00, 0x00, 0x00, 0x00, 0x00, 0x00, 0x00, 0x00, 0x00, 0x00, 
  0x00, 0x00, 0x00, 0x00, 0x00, 0x00, 0x00, 0x00, 0x00, 0x00, 0x00, 0x00, 0x00, 0x00, 0x00, 0x00, 0x00, 0x00, 0x00, 0x00, 0x5F, 0x4B, 0x9F, 0x53, 0x5F, 0x4B, 0x5F, 0x4B, 0x5F, 0x4B, 0x5F, 0x4B, 
  0x5F, 0x4B, 0x5F, 0x4B, 0x5F, 0x4B, 0x9F, 0x53, 0x5F, 0x4B, 0x00, 0x00, 0x00, 0x00, 0x00, 0x00, 0x00, 0x00, 0x00, 0x00, 0x00, 0x00, 0x00, 0x00, 0x00, 0x00, 0x00, 0x00, 0x00, 0x00, 0x00, 0x00, 
  0x00, 0x00, 0x00, 0x00, 0x00, 0x00, 0x00, 0x00, 0x00, 0x00, 0x00, 0x00, 0x00, 0x00, 0x00, 0x00, 0x00, 0x00, 0x00, 0x00, 0x00, 0x00, 0x00, 0x00, 0x00, 0x00, 0x00, 0x00, 0x00, 0x00, 0x00, 0x00, 
  0x00, 0x00, 0x00, 0x00, 0x00, 0x00, 0x00, 0x00, 0x00, 0x00, 0x00, 0x00, 0x00, 0x00, 0x00, 0x00, 0x00, 0x00, 0x00, 0x00, 0x7F, 0x4B, 0x7F, 0x53, 0x5F, 0x4B, 0x5F, 0x4B, 0x5F, 0x4B, 0x5F, 0x4B, 
  0x5F, 0x4B, 0x5F, 0x4B, 0x5F, 0x4B, 0x5F, 0x4B, 0x5F, 0x4B, 0x5F, 0x4B, 0x5F, 0x4B, 0x5F, 0x4B, 0x5F, 0x4B, 0x5F, 0x4B, 0x5F, 0x4B, 0x5F, 0x4B, 0x5F, 0x4B, 0x5F, 0x4B, 0x5F, 0x4B, 0x5F, 0x4B, 
  0x5F, 0x4B, 0x5F, 0x4B, 0x5F, 0x4B, 0x5F, 0x4B, 0x5F, 0x4B, 0x5F, 0x4B, 0x5F, 0x4B, 0x5F, 0x4B, 0x5F, 0x4B, 0x5F, 0x4B, 0x5F, 0x4B, 0x5F, 0x4B, 0x5F, 0x4B, 0x5F, 0x4B, 0x5F, 0x4B, 0x9F, 0x53, 
  0x5F, 0x4B, 0x00, 0x00, 0x00, 0x00, 0x00, 0x00, 0x00, 0x00, 0x00, 0x00, 0x00, 0x00, 0x00, 0x00, 0x00, 0x00, 0x00, 0x00, 0x00, 0x00, 0x00, 0x00, 0x00, 0x00, 0x00, 0x00, 0x00, 0x00, 0x00, 0x00, 
  0x00, 0x00, 0x00, 0x00, 0x00, 0x00, 0x00, 0x00, 0x00, 0x00, 0x00, 0x00, 0x00, 0x00, 0x00, 0x00, 0x00, 0x00, 0x00, 0x00, 0x00, 0x00, 0x00, 0x00, 0x00, 0x00, 0xBF, 0x53, 0x5F, 0x4B, 0x5F, 0x4B, 
  0x5F, 0x4B, 0x5F, 0x4B, 0x5F, 0x4B, 0x5F, 0x4B, 0x5F, 0x4B, 0x7F, 0x4B, 0x7F, 0x4B, 0x00, 0x00, 0x00, 0x00, 0x00, 0x00, 0x00, 0x00, 0x00, 0x00, 0x00, 0x00, 0x00, 0x00, 0x00, 0x00, 0x00, 0x00, 
  0x00, 0x00, 0x00, 0x00, 0x00, 0x00, 0x00, 0x00, 0x00, 0x00, 0x00, 0x00, 0x00, 0x00, 0x00, 0x00, 0x00, 0x00, 0x00, 0x00, 0x00, 0x00, 0x00, 0x00, 0x00, 0x00, 0x00, 0x00, 0x00, 0x00, 0x00, 0x00, 
  0x00, 0x00, 0x00, 0x00, 0x00, 0x00, 0x00, 0x00, 0x00, 0x00, 0x00, 0x00, 0x00, 0x00, 0x00, 0x00, 0x00, 0x00, 0x00, 0x00, 0x00, 0x00, 0x00, 0x00, 0x00, 0x00, 0x9F, 0x53, 0x7F, 0x4B, 0x5F, 0x4B, 
  0x5F, 0x4B, 0x5F, 0x4B, 0x5F, 0x4B, 0x5F, 0x4B, 0x5F, 0x4B, 0x5F, 0x4B, 0x5F, 0x4B, 0x5F, 0x4B, 0x5F, 0x4B, 0x5F, 0x4B, 0x5F, 0x4B, 0x5F, 0x4B, 0x5F, 0x4B, 0x5F, 0x4B, 0x5F, 0x4B, 0x5F, 0x4B, 
  0x5F, 0x4B, 0x5F, 0x4B, 0x5F, 0x4B, 0x5F, 0x4B, 0x5F, 0x4B, 0x5F, 0x4B, 0x5F, 0x4B, 0x5F, 0x4B, 0x5F, 0x4B, 0x5F, 0x4B, 0x5F, 0x4B, 0x5F, 0x4B, 0x5F, 0x4B, 0x5F, 0x4B, 0x5F, 0x4B, 0x5F, 0x4B, 
  0x5F, 0x4B, 0x9F, 0x53, 0x00, 0x00, 0x00, 0x00, 0x00, 0x00, 0x00, 0x00, 0x00, 0x00, 0x00, 0x00, 0x00, 0x00, 0x00, 0x00, 0x00, 0x00, 0x00, 0x00, 0x00, 0x00, 0x00, 0x00, 0x00, 0x00, 0x00, 0x00, 
  0x00, 0x00, 0x00, 0x00, 0x00, 0x00, 0x00, 0x00, 0x00, 0x00, 0x00, 0x00, 0x00, 0x00, 0x00, 0x00, 0x00, 0x00, 0x00, 0x00, 0x00, 0x00, 0x00, 0x00, 0x00, 0x00, 0x00, 0x00, 0x00, 0x00, 0x5F, 0x4B, 
  0x7F, 0x4B, 0x5F, 0x4B, 0x5F, 0x4B, 0x5F, 0x4B, 0x5F, 0x4B, 0x5F, 0x4B, 0x5F, 0x4B, 0x5F, 0x4B, 0x9F, 0x53, 0x5F, 0x4B, 0x00, 0x00, 0x00, 0x00, 0x00, 0x00, 0x00, 0x00, 0x00, 0x00, 0x00, 0x00, 
  0x00, 0x00, 0x00, 0x00, 0x00, 0x00, 0x00, 0x00, 0x00, 0x00, 0x00, 0x00, 0x00, 0x00, 0x00, 0x00, 0x00, 0x00, 0x00, 0x00, 0x00, 0x00, 0x00, 0x00, 0x00, 0x00, 0x00, 0x00, 0x00, 0x00, 0x00, 0x00, 
  0x00, 0x00, 0x00, 0x00, 0x00, 0x00, 0x00, 0x00, 0x00, 0x00, 0x00, 0x00, 0x00, 0x00, 0x00, 0x00, 0x00, 0x00, 0x00, 0x00, 0x00, 0x00, 0x00, 0x00, 0x00, 0x00, 0x00, 0x00, 0x00, 0x00, 0x5F, 0x4B, 
  0x9F, 0x53, 0x5F, 0x4B, 0x5F, 0x4B, 0x5F, 0x4B, 0x5F, 0x4B, 0x5F, 0x4B, 0x5F, 0x4B, 0x5F, 0x4B, 0x5F, 0x4B, 0x5F, 0x4B, 0x5F, 0x4B, 0x5F, 0x4B, 0x5F, 0x4B, 0x5F, 0x4B, 0x5F, 0x4B, 0x5F, 0x4B, 
  0x5F, 0x4B, 0x5F, 0x4B, 0x5F, 0x4B, 0x5F, 0x4B, 0x5F, 0x4B, 0x5F, 0x4B, 0x5F, 0x4B, 0x5F, 0x4B, 0x5F, 0x4B, 0x5F, 0x4B, 0x5F, 0x4B, 0x5F, 0x4B, 0x5F, 0x4B, 0x5F, 0x4B, 0x5F, 0x4B, 0x5F, 0x4B, 
  0x5F, 0x4B, 0x5F, 0x4B, 0x9F, 0x53, 0x5F, 0x4B, 0x00, 0x00, 0x00, 0x00, 0x00, 0x00, 0x00, 0x00, 0x00, 0x00, 0x00, 0x00, 0x00, 0x00, 0x00, 0x00, 0x00, 0x00, 0x00, 0x00, 0x00, 0x00, 0x00, 0x00, 
  0x00, 0x00, 0x00, 0x00, 0x00, 0x00, 0x00, 0x00, 0x00, 0x00, 0x00, 0x00, 0x00, 0x00, 0x00, 0x00, 0x00, 0x00, 0x00, 0x00, 0x00, 0x00, 0x00, 0x00, 0x00, 0x00, 0x00, 0x00, 0x00, 0x00, 0x00, 0x00, 
  0x00, 0x00, 0x5F, 0x4B, 0x9F, 0x53, 0x5F, 0x4B, 0x5F, 0x4B, 0x5F, 0x4B, 0x5F, 0x4B, 0x5F, 0x4B, 0x5F, 0x4B, 0x5F, 0x4B, 0x7F, 0x4B, 0x9F, 0x53, 0x00, 0x00, 0x00, 0x00, 0x00, 0x00, 0x00, 0x00, 
  0x00, 0x00, 0x00, 0x00, 0x00, 0x00, 0x00, 0x00, 0x00, 0x00, 0x00, 0x00, 0x00, 0x00, 0x00, 0x00, 0x00, 0x00, 0x00, 0x00, 0x00, 0x00, 0x00, 0x00, 0x00, 0x00, 0x00, 0x00, 0x00, 0x00, 0x00, 0x00, 
  0x00, 0x00, 0x00, 0x00, 0x00, 0x00, 0x00, 0x00, 0x00, 0x00, 0x00, 0x00, 0x00, 0x00, 0x00, 0x00, 0x00, 0x00, 0x00, 0x00, 0x00, 0x00, 0x00, 0x00, 0x00, 0x00, 0x00, 0x00, 0x00, 0x00, 0x00, 0x00, 
  0x00, 0x00, 0x00, 0x00, 0x7F, 0x4B, 0x7F, 0x53, 0x5F, 0x4B, 0x5F, 0x4B, 0x5F, 0x4B, 0x5F, 0x4B, 0x5F, 0x4B, 0x5F, 0x4B, 0x5F, 0x4B, 0x5F, 0x4B, 0x5F, 0x4B, 0x5F, 0x4B, 0x5F, 0x4B, 0x5F, 0x4B, 
  0x5F, 0x4B, 0x5F, 0x4B, 0x5F, 0x4B, 0x5F, 0x4B, 0x5F, 0x4B, 0x5F, 0x4B, 0x5F, 0x4B, 0x5F, 0x4B, 0x5F, 0x4B, 0x5F, 0x4B, 0x5F, 0x4B, 0x5F, 0x4B, 0x5F, 0x4B, 0x5F, 0x4B, 0x5F, 0x4B, 0x5F, 0x4B, 
  0x5F, 0x4B, 0x5F, 0x4B, 0x5F, 0x4B, 0x7F, 0x4B, 0x7F, 0x53, 0x00, 0x00, 0x00, 0x00, 0x00, 0x00, 0x00, 0x00, 0x00, 0x00, 0x00, 0x00, 0x00, 0x00, 0x00, 0x00, 0x00, 0x00, 0x00, 0x00, 0x00, 0x00, 
  0x00, 0x00, 0x00, 0x00, 0x00, 0x00, 0x00, 0x00, 0x00, 0x00, 0x00, 0x00, 0x00, 0x00, 0x00, 0x00, 0x00, 0x00, 0x00, 0x00, 0x00, 0x00, 0x00, 0x00, 0x00, 0x00, 0x00, 0x00, 0x00, 0x00, 0x00, 0x00, 
  0x00, 0x00, 0x00, 0x00, 0x00, 0x00, 0x00, 0x00, 0x9F, 0x53, 0x7F, 0x4B, 0x5F, 0x4B, 0x5F, 0x4B, 0x5F, 0x4B, 0x5F, 0x4B, 0x5F, 0x4B, 0x5F, 0x4B, 0x5F, 0x4B, 0x7F, 0x4B, 0x7F, 0x4B, 0x00, 0x00, 
  0x00, 0x00, 0x00, 0x00, 0x00, 0x00, 0x00, 0x00, 0x00, 0x00, 0x00, 0x00, 0x00, 0x00, 0x00, 0x00, 0x00, 0x00, 0x00, 0x00, 0x00, 0x00, 0x00, 0x00, 0x00, 0x00, 0x00, 0x00, 0x00, 0x00, 0x00, 0x00, 
  0x00, 0x00, 0x00, 0x00, 0x00, 0x00, 0x00, 0x00, 0x00, 0x00, 0x00, 0x00, 0x00, 0x00, 0x00, 0x00, 0x00, 0x00, 0x00, 0x00, 0x00, 0x00, 0x00, 0x00, 0x00, 0x00, 0x00, 0x00, 0x00, 0x00, 0x00, 0x00, 
  0x00, 0x00, 0x00, 0x00, 0x00, 0x00, 0x00, 0x00, 0x00, 0x00, 0x9F, 0x53, 0x7F, 0x4B, 0x5F, 0x4B, 0x5F, 0x4B, 0x5F, 0x4B, 0x5F, 0x4B, 0x5F, 0x4B, 0x5F, 0x4B, 0x5F, 0x4B, 0x5F, 0x4B, 0x5F, 0x4B, 
  0x5F, 0x4B, 0x5F, 0x4B, 0x5F, 0x4B, 0x5F, 0x4B, 0x5F, 0x4B, 0x5F, 0x4B, 0x5F, 0x4B, 0x5F, 0x4B, 0x5F, 0x4B, 0x5F, 0x4B, 0x5F, 0x4B, 0x5F, 0x4B, 0x5F, 0x4B, 0x5F, 0x4B, 0x5F, 0x4B, 0x5F, 0x4B, 
  0x5F, 0x4B, 0x5F, 0x4B, 0x5F, 0x4B, 0x5F, 0x4B, 0x5F, 0x4B, 0x9F, 0x53, 0x5F, 0x4B, 0x00, 0x00, 0x00, 0x00, 0x00, 0x00, 0x00, 0x00, 0x00, 0x00, 0x00, 0x00, 0x00, 0x00, 0x00, 0x00, 0x00, 0x00, 
  0x00, 0x00, 0x00, 0x00, 0x00, 0x00, 0x00, 0x00, 0x00, 0x00, 0x00, 0x00, 0x00, 0x00, 0x00, 0x00, 0x00, 0x00, 0x00, 0x00, 0x00, 0x00, 0x00, 0x00, 0x00, 0x00, 0x00, 0x00, 0x00, 0x00, 0x00, 0x00, 
  0x00, 0x00, 0x00, 0x00, 0x00, 0x00, 0x00, 0x00, 0x00, 0x00, 0x00, 0x00, 0x5F, 0x4B, 0x9F, 0x53, 0x5F, 0x4B, 0x5F, 0x4B, 0x5F, 0x4B, 0x5F, 0x4B, 0x5F, 0x4B, 0x5F, 0x4B, 0x5F, 0x4B, 0x5F, 0x4B, 
  0x9F, 0x53, 0x5F, 0x4B, 0x00, 0x00, 0x00, 0x00, 0x00, 0x00, 0x00, 0x00, 0x00, 0x00, 0x00, 0x00, 0x00, 0x00, 0x00, 0x00, 0x00, 0x00, 0x00, 0x00, 0x00, 0x00, 0x00, 0x00, 0x00, 0x00, 0x00, 0x00, 
  0x00, 0x00, 0x00, 0x00, 0x00, 0x00, 0x00, 0x00, 0x00, 0x00, 0x00, 0x00, 0x00, 0x00, 0x00, 0x00, 0x00, 0x00, 0x00, 0x00, 0x00, 0x00, 0x00, 0x00, 0x00, 0x00, 0x00, 0x00, 0x00, 0x00, 0x00, 0x00, 
  0x00, 0x00, 0x00, 0x00, 0x00, 0x00, 0x00, 0x00, 0x00, 0x00, 0x00, 0x00, 0x00, 0x00, 0x5F, 0x4B, 0x9F, 0x53, 0x5F, 0x4B, 0x5F, 0x4B, 0x5F, 0x4B, 0x5F, 0x4B, 0x5F, 0x4B, 0x5F, 0x4B, 0x5F, 0x4B, 
  0x5F, 0x4B, 0x5F, 0x4B, 0x5F, 0x4B, 0x5F, 0x4B, 0x5F, 0x4B, 0x5F, 0x4B, 0x5F, 0x4B, 0x5F, 0x4B, 0x5F, 0x4B, 0x5F, 0x4B, 0x5F, 0x4B, 0x5F, 0x4B, 0x5F, 0x4B, 0x5F, 0x4B, 0x5F, 0x4B, 0x5F, 0x4B, 
  0x5F, 0x4B, 0x5F, 0x4B, 0x5F, 0x4B, 0x5F, 0x4B, 0x5F, 0x4B, 0x5F, 0x4B, 0x9F, 0x53, 0x5F, 0x4B, 0x00, 0x00, 0x00, 0x00, 0x00, 0x00, 0x00, 0x00, 0x00, 0x00, 0x00, 0x00, 0x00, 0x00, 0x00, 0x00, 
  0x00, 0x00, 0x00, 0x00, 0x00, 0x00, 0x00, 0x00, 0x00, 0x00, 0x00, 0x00, 0x00, 0x00, 0x00, 0x00, 0x00, 0x00, 0x00, 0x00, 0x00, 0x00, 0x00, 0x00, 0x00, 0x00, 0x00, 0x00, 0x00, 0x00, 0x00, 0x00, 
  0x00, 0x00, 0x00, 0x00, 0x00, 0x00, 0x00, 0x00, 0x00, 0x00, 0x00, 0x00, 0x00, 0x00, 0x00, 0x00, 0x00, 0x00, 0x9F, 0x53, 0x7F, 0x4B, 0x5F, 0x4B, 0x5F, 0x4B, 0x5F, 0x4B, 0x5F, 0x4B, 0x5F, 0x4B, 
  0x5F, 0x4B, 0x5F, 0x4B, 0x7F, 0x4B, 0x7F, 0x4B, 0x00, 0x00, 0x00, 0x00, 0x00, 0x00, 0x00, 0x00, 0x00, 0x00, 0x00, 0x00, 0x00, 0x00, 0x00, 0x00, 0x00, 0x00, 0x00, 0x00, 0x00, 0x00, 0x00, 0x00, 
  0x00, 0x00, 0x00, 0x00, 0x00, 0x00, 0x00, 0x00, 0x00, 0x00, 0x00, 0x00, 0x00, 0x00, 0x00, 0x00, 0x00, 0x00, 0x00, 0x00, 0x00, 0x00, 0x00, 0x00, 0x00, 0x00, 0x00, 0x00, 0x00, 0x00, 0x00, 0x00, 
  0x00, 0x00, 0x00, 0x00, 0x00, 0x00, 0x00, 0x00, 0x00, 0x00, 0x00, 0x00, 0x00, 0x00, 0x00, 0x00, 0x00, 0x00, 0x00, 0x00, 0x5F, 0x4B, 0x7F, 0x53, 0x5F, 0x4B, 0x5F, 0x4B, 0x5F, 0x4B, 0x5F, 0x4B, 
  0x5F, 0x4B, 0x5F, 0x4B, 0x5F, 0x4B, 0x5F, 0x4B, 0x5F, 0x4B, 0x5F, 0x4B, 0x5F, 0x4B, 0x5F, 0x4B, 0x5F, 0x4B, 0x5F, 0x4B, 0x5F, 0x4B, 0x5F, 0x4B, 0x5F, 0x4B, 0x5F, 0x4B, 0x5F, 0x4B, 0x5F, 0x4B, 
  0x5F, 0x4B, 0x5F, 0x4B, 0x5F, 0x4B, 0x5F, 0x4B, 0x5F, 0x4B, 0x5F, 0x4B, 0x5F, 0x4B, 0x7F, 0x4B, 0x7F, 0x53, 0x00, 0x00, 0x00, 0x00, 0x00, 0x00, 0x00, 0x00, 0x00, 0x00, 0x00, 0x00, 0x00, 0x00, 
  0x00, 0x00, 0x00, 0x00, 0x00, 0x00, 0x00, 0x00, 0x00, 0x00, 0x00, 0x00, 0x00, 0x00, 0x00, 0x00, 0x00, 0x00, 0x00, 0x00, 0x00, 0x00, 0x00, 0x00, 0x00, 0x00, 0x00, 0x00, 0x00, 0x00, 0x00, 0x00, 
  0x00, 0x00, 0x00, 0x00, 0x00, 0x00, 0x00, 0x00, 0x00, 0x00, 0x00, 0x00, 0x00, 0x00, 0x00, 0x00, 0x00, 0x00, 0x00, 0x00, 0x00, 0x00, 0x5F, 0x4B, 0x9F, 0x53, 0x5F, 0x4B, 0x5F, 0x4B, 0x5F, 0x4B, 
  0x5F, 0x4B, 0x5F, 0x4B, 0x5F, 0x4B, 0x5F, 0x4B, 0x5F, 0x4B, 0x7F, 0x53, 0x7F, 0x4B, 0x00, 0x00, 0x00, 0x00, 0x00, 0x00, 0x00, 0x00, 0x00, 0x00, 0x00, 0x00, 0x00, 0x00, 0x00, 0x00, 0x00, 0x00, 
  0x00, 0x00, 0x00, 0x00, 0x00, 0x00, 0x00, 0x00, 0x00, 0x00, 0x00, 0x00, 0x00, 0x00, 0x00, 0x00, 0x00, 0x00, 0x00, 0x00, 0x00, 0x00, 0x00, 0x00, 0x00, 0x00, 0x00, 0x00, 0x00, 0x00, 0x00, 0x00, 
  0x00, 0x00, 0x00, 0x00, 0x00, 0x00, 0x00, 0x00, 0x00, 0x00, 0x00, 0x00, 0x00, 0x00, 0x00, 0x00, 0x00, 0x00, 0x00, 0x00, 0x00, 0x00, 0x00, 0x00, 0x00, 0x00, 0x7F, 0x4B, 0x7F, 0x4B, 0x5F, 0x4B, 
  0x5F, 0x4B, 0x5F, 0x4B, 0x5F, 0x4B, 0x5F, 0x4B, 0x5F, 0x4B, 0x5F, 0x4B, 0x5F, 0x4B, 0x5F, 0x4B, 0x5F, 0x4B, 0x5F, 0x4B, 0x5F, 0x4B, 0x5F, 0x4B, 0x5F, 0x4B, 0x5F, 0x4B, 0x5F, 0x4B, 0x5F, 0x4B, 
  0x5F, 0x4B, 0x5F, 0x4B, 0x5F, 0x4B, 0x5F, 0x4B, 0x5F, 0x4B, 0x5F, 0x4B, 0x5F, 0x4B, 0x5F, 0x4B, 0x5F, 0x4B, 0x9F, 0x53, 0x5F, 0x4B, 0x00, 0x00, 0x00, 0x00, 0x00, 0x00, 0x00, 0x00, 0x00, 0x00, 
  0x00, 0x00, 0x00, 0x00, 0x00, 0x00, 0x00, 0x00, 0x00, 0x00, 0x00, 0x00, 0x00, 0x00, 0x00, 0x00, 0x00, 0x00, 0x00, 0x00, 0x00, 0x00, 0x00, 0x00, 0x00, 0x00, 0x00, 0x00, 0x00, 0x00, 0x00, 0x00, 
  0x00, 0x00, 0x00, 0x00, 0x00, 0x00, 0x00, 0x00, 0x00, 0x00, 0x00, 0x00, 0x00, 0x00, 0x00, 0x00, 0x00, 0x00, 0x00, 0x00, 0x00, 0x00, 0x00, 0x00, 0x00, 0x00, 0x00, 0x00, 0x9F, 0x53, 0x7F, 0x4B, 
  0x5F, 0x4B, 0x5F, 0x4B, 0x5F, 0x4B, 0x5F, 0x4B, 0x5F, 0x4B, 0x5F, 0x4B, 0x5F, 0x4B, 0x5F, 0x4B, 0x9F, 0x53, 0x7F, 0x4B, 0x00, 0x00, 0x00, 0x00, 0x00, 0x00, 0x00, 0x00, 0x00, 0x00, 0x00, 0x00, 
  0x00, 0x00, 0x00, 0x00, 0x00, 0x00, 0x00, 0x00, 0x00, 0x00, 0x00, 0x00, 0x00, 0x00, 0x00, 0x00, 0x00, 0x00, 0x00, 0x00, 0x00, 0x00, 0x00, 0x00, 0x00, 0x00, 0x00, 0x00, 0x00, 0x00, 0x00, 0x00, 
  0x00, 0x00, 0x00, 0x00, 0x00, 0x00, 0x00, 0x00, 0x00, 0x00, 0x00, 0x00, 0x00, 0x00, 0x00, 0x00, 0x00, 0x00, 0x00, 0x00, 0x00, 0x00, 0x00, 0x00, 0x00, 0x00, 0x00, 0x00, 0x00, 0x00, 0x5F, 0x4B, 
  0xBF, 0x53, 0x5F, 0x4B, 0x5F, 0x4B, 0x5F, 0x4B, 0x5F, 0x4B, 0x5F, 0x4B, 0x5F, 0x4B, 0x5F, 0x4B, 0x5F, 0x4B, 0x5F, 0x4B, 0x5F, 0x4B, 0x5F, 0x4B, 0x5F, 0x4B, 0x5F, 0x4B, 0x5F, 0x4B, 0x5F, 0x4B, 
  0x5F, 0x4B, 0x5F, 0x4B, 0x5F, 0x4B, 0x5F, 0x4B, 0x5F, 0x4B, 0x5F, 0x4B, 0x5F, 0x4B, 0x5F, 0x4B, 0x5F, 0x4B, 0x5F, 0x4B, 0x9F, 0x53, 0x5F, 0x4B, 0x00, 0x00, 0x00, 0x00, 0x00, 0x00, 0x00, 0x00, 
  0x00, 0x00, 0x00, 0x00, 0x00, 0x00, 0x00, 0x00, 0x00, 0x00, 0x00, 0x00, 0x00, 0x00, 0x00, 0x00, 0x00, 0x00, 0x00, 0x00, 0x00, 0x00, 0x00, 0x00, 0x00, 0x00, 0x00, 0x00, 0x00, 0x00, 0x00, 0x00, 
  0x00, 0x00, 0x00, 0x00, 0x00, 0x00, 0x00, 0x00, 0x00, 0x00, 0x00, 0x00, 0x00, 0x00, 0x00, 0x00, 0x00, 0x00, 0x00, 0x00, 0x00, 0x00, 0x00, 0x00, 0x00, 0x00, 0x00, 0x00, 0x00, 0x00, 0x00, 0x00, 
  0x5F, 0x4B, 0x9F, 0x53, 0x5F, 0x4B, 0x5F, 0x4B, 0x5F, 0x4B, 0x5F, 0x4B, 0x5F, 0x4B, 0x5F, 0x4B, 0x5F, 0x4B, 0x5F, 0x4B, 0x5F, 0x4B, 0x9F, 0x53, 0x7F, 0x4B, 0x00, 0x00, 0x00, 0x00, 0x00, 0x00, 
  0x00, 0x00, 0x00, 0x00, 0x00, 0x00, 0x00, 0x00, 0x00, 0x00, 0x00, 0x00, 0x00, 0x00, 0x00, 0x00, 0x00, 0x00, 0x00, 0x00, 0x00, 0x00, 0x00, 0x00, 0x00, 0x00, 0x00, 0x00, 0x00, 0x00, 0x9F, 0x53, 
  0x7F, 0x4B, 0x7F, 0x4B, 0x7F, 0x4B, 0x00, 0x00, 0x00, 0x00, 0x00, 0x00, 0x00, 0x00, 0x00, 0x00, 0x00, 0x00, 0x00, 0x00, 0x00, 0x00, 0x00, 0x00, 0x00, 0x00, 0x00, 0x00, 0x00, 0x00, 0x00, 0x00, 
  0x00, 0x00, 0x00, 0x00, 0x7F, 0x4B, 0x9F, 0x53, 0x5F, 0x4B, 0x5F, 0x4B, 0x5F, 0x4B, 0x5F, 0x4B, 0x5F, 0x4B, 0x5F, 0x4B, 0x5F, 0x4B, 0x5F, 0x4B, 0x5F, 0x4B, 0x5F, 0x4B, 0x5F, 0x4B, 0x5F, 0x4B, 
  0x5F, 0x4B, 0x5F, 0x4B, 0x5F, 0x4B, 0x5F, 0x4B, 0x5F, 0x4B, 0x5F, 0x4B, 0x5F, 0x4B, 0x5F, 0x4B, 0x5F, 0x4B, 0x5F, 0x4B, 0x5F, 0x4B, 0x9F, 0x53, 0x7F, 0x4B, 0x00, 0x00, 0x00, 0x00, 0x00, 0x00, 
  0x00, 0x00, 0x00, 0x00, 0x00, 0x00, 0x00, 0x00, 0x00, 0x00, 0x00, 0x00, 0x00, 0x00, 0x00, 0x00, 0x00, 0x00, 0x00, 0x00, 0x00, 0x00, 0x00, 0x00, 0x00, 0x00, 0x00, 0x00, 0x00, 0x00, 0x00, 0x00, 
  0x00, 0x00, 0x00, 0x00, 0x00, 0x00, 0x00, 0x00, 0x00, 0x00, 0x00, 0x00, 0x00, 0x00, 0x00, 0x00, 0x00, 0x00, 0x00, 0x00, 0x00, 0x00, 0x00, 0x00, 0x00, 0x00, 0x00, 0x00, 0x00, 0x00, 0x00, 0x00, 
  0x00, 0x00, 0x00, 0x00, 0x00, 0x00, 0x5F, 0x4B, 0x7F, 0x4B, 0x5F, 0x4B, 0x5F, 0x4B, 0x5F, 0x4B, 0x5F, 0x4B, 0x5F, 0x4B, 0x5F, 0x4B, 0x5F, 0x4B, 0x5F, 0x4B, 0x5F, 0x4B, 0x9F, 0x53, 0x5F, 0x4B, 
  0x00, 0x00, 0x00, 0x00, 0x00, 0x00, 0x00, 0x00, 0x00, 0x00, 0x00, 0x00, 0x00, 0x00, 0x00, 0x00, 0x00, 0x00, 0x00, 0x00, 0x00, 0x00, 0x00, 0x00, 0x00, 0x00, 0x00, 0x00, 0x00, 0x00, 0x00, 0x00, 
  0x7F, 0x4B, 0x9F, 0x53, 0x7F, 0x4B, 0x7F, 0x4B, 0x9F, 0x53, 0x7F, 0x4B, 0x7F, 0x4B, 0x00, 0x00, 0x00, 0x00, 0x00, 0x00, 0x00, 0x00, 0x00, 0x00, 0x00, 0x00, 0x00, 0x00, 0x00, 0x00, 0x00, 0x00, 
  0x00, 0x00, 0x00, 0x00, 0x00, 0x00, 0x00, 0x00, 0x00, 0x00, 0x7F, 0x4B, 0x7F, 0x53, 0x5F, 0x4B, 0x5F, 0x4B, 0x5F, 0x4B, 0x5F, 0x4B, 0x5F, 0x4B, 0x5F, 0x4B, 0x5F, 0x4B, 0x5F, 0x4B, 0x5F, 0x4B, 
  0x5F, 0x4B, 0x5F, 0x4B, 0x5F, 0x4B, 0x5F, 0x4B, 0x5F, 0x4B, 0x5F, 0x4B, 0x5F, 0x4B, 0x5F, 0x4B, 0x5F, 0x4B, 0x5F, 0x4B, 0x5F, 0x4B, 0x5F, 0x4B, 0x7F, 0x4B, 0x7F, 0x4B, 0x00, 0x00, 0x00, 0x00, 
  0x00, 0x00, 0x00, 0x00, 0x00, 0x00, 0x00, 0x00, 0x00, 0x00, 0x00, 0x00, 0x00, 0x00, 0x00, 0x00, 0x00, 0x00, 0x00, 0x00, 0x00, 0x00, 0x00, 0x00, 0x00, 0x00, 0x00, 0x00, 0x00, 0x00, 0x00, 0x00, 
  0x00, 0x00, 0x00, 0x00, 0x00, 0x00, 0x00, 0x00, 0x00, 0x00, 0x00, 0x00, 0x00, 0x00, 0x00, 0x00, 0x00, 0x00, 0x00, 0x00, 0x00, 0x00, 0x00, 0x00, 0x00, 0x00, 0x00, 0x00, 0x00, 0x00, 0x00, 0x00, 
  0x00, 0x00, 0x00, 0x00, 0x00, 0x00, 0x00, 0x00, 0x00, 0x00, 0x00, 0x00, 0x9F, 0x53, 0x7F, 0x4B, 0x5F, 0x4B, 0x5F, 0x4B, 0x5F, 0x4B, 0x5F, 0x4B, 0x5F, 0x4B, 0x5F, 0x4B, 0x5F, 0x4B, 0x5F, 0x4B, 
  0x7F, 0x4B, 0x9F, 0x53, 0x7F, 0x4B, 0x00, 0x00, 0x00, 0x00, 0x00, 0x00, 0x00, 0x00, 0x00, 0x00, 0x00, 0x00, 0x00, 0x00, 0x00, 0x00, 0x00, 0x00, 0x00, 0x00, 0x00, 0x00, 0x00, 0x00, 0x00, 0x00, 
  0x00, 0x00, 0x00, 0x00, 0x5F, 0x4B, 0x9F, 0x53, 0x5F, 0x4B, 0x5F, 0x4B, 0x5F, 0x4B, 0x7F, 0x4B, 0x9F, 0x53, 0x7F, 0x4B, 0x00, 0x00, 0x00, 0x00, 0x00, 0x00, 0x00, 0x00, 0x00, 0x00, 0x00, 0x00, 
  0x00, 0x00, 0x00, 0x00, 0x00, 0x00, 0x00, 0x00, 0x00, 0x00, 0x00, 0x00, 0x00, 0x00, 0x00, 0x00, 0x7F, 0x4B, 0x7F, 0x4B, 0x5F, 0x4B, 0x5F, 0x4B, 0x5F, 0x4B, 0x5F, 0x4B, 0x5F, 0x4B, 0x5F, 0x4B, 
  0x5F, 0x4B, 0x5F, 0x4B, 0x5F, 0x4B, 0x5F, 0x4B, 0x5F, 0x4B, 0x5F, 0x4B, 0x5F, 0x4B, 0x5F, 0x4B, 0x5F, 0x4B, 0x5F, 0x4B, 0x5F, 0x4B, 0x5F, 0x4B, 0x5F, 0x4B, 0x7F, 0x4B, 0x7F, 0x4B, 0x00, 0x00, 
  0x00, 0x00, 0x00, 0x00, 0x00, 0x00, 0x00, 0x00, 0x00, 0x00, 0x00, 0x00, 0x00, 0x00, 0x00, 0x00, 0x00, 0x00, 0x00, 0x00, 0x00, 0x00, 0x00, 0x00, 0x00, 0x00, 0x00, 0x00, 0x00, 0x00, 0x00, 0x00, 
  0x00, 0x00, 0x00, 0x00, 0x00, 0x00, 0x00, 0x00, 0x00, 0x00, 0x00, 0x00, 0x00, 0x00, 0x00, 0x00, 0x00, 0x00, 0x00, 0x00, 0x00, 0x00, 0x00, 0x00, 0x00, 0x00, 0x00, 0x00, 0x00, 0x00, 0x00, 0x00, 
  0x00, 0x00, 0x00, 0x00, 0x00, 0x00, 0x00, 0x00, 0x00, 0x00, 0x00, 0x00, 0x00, 0x00, 0x00, 0x00, 0x5F, 0x4B, 0x9F, 0x53, 0x5F, 0x4B, 0x5F, 0x4B, 0x5F, 0x4B, 0x5F, 0x4B, 0x5F, 0x4B, 0x5F, 0x4B, 
  0x5F, 0x4B, 0x5F, 0x4B, 0x5F, 0x4B, 0x7F, 0x4B, 0x9F, 0x53, 0x7F, 0x4B, 0x00, 0x00, 0x00, 0x00, 0x00, 0x00, 0x00, 0x00, 0x00, 0x00, 0x00, 0x00, 0x00, 0x00, 0x00, 0x00, 0x00, 0x00, 0x00, 0x00, 
  0x00, 0x00, 0x00, 0x00, 0x00, 0x00, 0x00, 0x00, 0x00, 0x00, 0x7F, 0x4B, 0x7F, 0x4B, 0x5F, 0x4B, 0x5F, 0x4B, 0x5F, 0x4B, 0x5F, 0x4B, 0x9F, 0x53, 0x9F, 0x53, 0x7F, 0x4B, 0x00, 0x00, 0x00, 0x00, 
  0x00, 0x00, 0x00, 0x00, 0x00, 0x00, 0x00, 0x00, 0x00, 0x00, 0x00, 0x00, 0x00, 0x00, 0x00, 0x00, 0x00, 0x00, 0x00, 0x00, 0x00, 0x00, 0x9F, 0x53, 0x7F, 0x4B, 0x5F, 0x4B, 0x5F, 0x4B, 0x5F, 0x4B, 
  0x5F, 0x4B, 0x5F, 0x4B, 0x5F, 0x4B, 0x5F, 0x4B, 0x5F, 0x4B, 0x5F, 0x4B, 0x5F, 0x4B, 0x5F, 0x4B, 0x5F, 0x4B, 0x5F, 0x4B, 0x5F, 0x4B, 0x5F, 0x4B, 0x5F, 0x4B, 0x5F, 0x4B, 0x7F, 0x4B, 0x9F, 0x53, 
  0x00, 0x00, 0x00, 0x00, 0x00, 0x00, 0x00, 0x00, 0x00, 0x00, 0x00, 0x00, 0x00, 0x00, 0x00, 0x00, 0x00, 0x00, 0x00, 0x00, 0x00, 0x00, 0x00, 0x00, 0x00, 0x00, 0x00, 0x00, 0x00, 0x00, 0x00, 0x00, 
  0x00, 0x00, 0x00, 0x00, 0x00, 0x00, 0x00, 0x00, 0x00, 0x00, 0x00, 0x00, 0x00, 0x00, 0x00, 0x00, 0x00, 0x00, 0x00, 0x00, 0x00, 0x00, 0x00, 0x00, 0x00, 0x00, 0x00, 0x00, 0x00, 0x00, 0x00, 0x00, 
  0x00, 0x00, 0x00, 0x00, 0x00, 0x00, 0x00, 0x00, 0x00, 0x00, 0x00, 0x00, 0x00, 0x00, 0x00, 0x00, 0x00, 0x00, 0x00, 0x00, 0x00, 0x00, 0x7F, 0x4B, 0x9F, 0x53, 0x5F, 0x4B, 0x5F, 0x4B, 0x5F, 0x4B, 
  0x5F, 0x4B, 0x5F, 0x4B, 0x5F, 0x4B, 0x5F, 0x4B, 0x5F, 0x4B, 0x5F, 0x4B, 0x5F, 0x4B, 0x9F, 0x53, 0x7F, 0x4B, 0x00, 0x00, 0x00, 0x00, 0x00, 0x00, 0x00, 0x00, 0x00, 0x00, 0x00, 0x00, 0x00, 0x00, 
  0x00, 0x00, 0x00, 0x00, 0x00, 0x00, 0x00, 0x00, 0x00, 0x00, 0x00, 0x00, 0x00, 0x00, 0x5F, 0x4B, 0x9F, 0x53, 0x5F, 0x4B, 0x5F, 0x4B, 0x5F, 0x4B, 0x5F, 0x4B, 0x5F, 0x4B, 0x7F, 0x4B, 0x9F, 0x53, 
  0x7F, 0x4B, 0x00, 0x00, 0x00, 0x00, 0x00, 0x00, 0x00, 0x00, 0x00, 0x00, 0x00, 0x00, 0x00, 0x00, 0x00, 0x00, 0x00, 0x00, 0x00, 0x00, 0x00, 0x00, 0x00, 0x00, 0x5F, 0x4B, 0xBF, 0x53, 0x5F, 0x4B, 
  0x5F, 0x4B, 0x5F, 0x4B, 0x5F, 0x4B, 0x5F, 0x4B, 0x5F, 0x4B, 0x5F, 0x4B, 0x5F, 0x4B, 0x5F, 0x4B, 0x5F, 0x4B, 0x5F, 0x4B, 0x5F, 0x4B, 0x5F, 0x4B, 0x5F, 0x4B, 0x5F, 0x4B, 0x5F, 0x4B, 0x5F, 0x4B, 
  0x9F, 0x53, 0x5F, 0x4B, 0x00, 0x00, 0x00, 0x00, 0x00, 0x00, 0x00, 0x00, 0x00, 0x00, 0x00, 0x00, 0x00, 0x00, 0x00, 0x00, 0x00, 0x00, 0x00, 0x00, 0x00, 0x00, 0x00, 0x00, 0x00, 0x00, 0x00, 0x00, 
  0x00, 0x00, 0x00, 0x00, 0x00, 0x00, 0x00, 0x00, 0x00, 0x00, 0x00, 0x00, 0x00, 0x00, 0x00, 0x00, 0x00, 0x00, 0x00, 0x00, 0x00, 0x00, 0x00, 0x00, 0x00, 0x00, 0x00, 0x00, 0x00, 0x00, 0x00, 0x00, 
  0x00, 0x00, 0x00, 0x00, 0x00, 0x00, 0x00, 0x00, 0x00, 0x00, 0x00, 0x00, 0x00, 0x00, 0x00, 0x00, 0x00, 0x00, 0x00, 0x00, 0x00, 0x00, 0x00, 0x00, 0x00, 0x00, 0x00, 0x00, 0x7F, 0x4B, 0x7F, 0x53, 
  0x5F, 0x4B, 0x5F, 0x4B, 0x5F, 0x4B, 0x5F, 0x4B, 0x5F, 0x4B, 0x5F, 0x4B, 0x5F, 0x4B, 0x5F, 0x4B, 0x5F, 0x4B, 0x5F, 0x4B, 0x9F, 0x53, 0x7F, 0x4B, 0x00, 0x00, 0x00, 0x00, 0x00, 0x00, 0x00, 0x00, 
  0x00, 0x00, 0x00, 0x00, 0x00, 0x00, 0x00, 0x00, 0x00, 0x00, 0x00, 0x00, 0x00, 0x00, 0x00, 0x00, 0x00, 0x00, 0x00, 0x00, 0x9F, 0x53, 0x7F, 0x4B, 0x5F, 0x4B, 0x5F, 0x4B, 0x5F, 0x4B, 0x5F, 0x4B, 
  0x5F, 0x4B, 0x5F, 0x4B, 0x9F, 0x53, 0x9F, 0x53, 0x5F, 0x4B, 0x00, 0x00, 0x00, 0x00, 0x00, 0x00, 0x00, 0x00, 0x00, 0x00, 0x00, 0x00, 0x00, 0x00, 0x00, 0x00, 0x00, 0x00, 0x00, 0x00, 0x00, 0x00, 
  0x7F, 0x4B, 0x9F, 0x53, 0x5F, 0x4B, 0x5F, 0x4B, 0x5F, 0x4B, 0x5F, 0x4B, 0x5F, 0x4B, 0x5F, 0x4B, 0x5F, 0x4B, 0x5F, 0x4B, 0x5F, 0x4B, 0x5F, 0x4B, 0x5F, 0x4B, 0x5F, 0x4B, 0x5F, 0x4B, 0x5F, 0x4B, 
  0x5F, 0x4B, 0x9F, 0x53, 0x5F, 0x4B, 0x00, 0x00, 0x00, 0x00, 0x00, 0x00, 0x00, 0x00, 0x00, 0x00, 0x00, 0x00, 0x00, 0x00, 0x00, 0x00, 0x00, 0x00, 0x00, 0x00, 0x00, 0x00, 0x00, 0x00, 0x00, 0x00, 
  0x00, 0x00, 0x00, 0x00, 0x00, 0x00, 0x00, 0x00, 0x00, 0x00, 0x00, 0x00, 0x00, 0x00, 0x00, 0x00, 0x00, 0x00, 0x00, 0x00, 0x00, 0x00, 0x00, 0x00, 0x00, 0x00, 0x00, 0x00, 0x00, 0x00, 0x00, 0x00, 
  0x00, 0x00, 0x00, 0x00, 0x00, 0x00, 0x00, 0x00, 0x00, 0x00, 0x00, 0x00, 0x00, 0x00, 0x00, 0x00, 0x00, 0x00, 0x00, 0x00, 0x00, 0x00, 0x00, 0x00, 0x00, 0x00, 0x00, 0x00, 0x00, 0x00, 0x00, 0x00, 
  0x00, 0x00, 0x7F, 0x53, 0x7F, 0x4B, 0x5F, 0x4B, 0x5F, 0x4B, 0x5F, 0x4B, 0x5F, 0x4B, 0x5F, 0x4B, 0x5F, 0x4B, 0x5F, 0x4B, 0x5F, 0x4B, 0x5F, 0x4B, 0x5F, 0x4B, 0x9F, 0x53, 0x7F, 0x4B, 0x7F, 0x4B, 
  0x00, 0x00, 0x00, 0x00, 0x00, 0x00, 0x00, 0x00, 0x00, 0x00, 0x00, 0x00, 0x00, 0x00, 0x00, 0x00, 0x00, 0x00, 0x00, 0x00, 0x00, 0x00, 0x00, 0x00, 0x5F, 0x4B, 0x7F, 0x53, 0x5F, 0x4B, 0x5F, 0x4B, 
  0x5F, 0x4B, 0x5F, 0x4B, 0x5F, 0x4B, 0x5F, 0x4B, 0x5F, 0x4B, 0x7F, 0x4B, 0x9F, 0x53, 0x7F, 0x4B, 0x00, 0x00, 0x00, 0x00, 0x00, 0x00, 0x00, 0x00, 0x00, 0x00, 0x00, 0x00, 0x00, 0x00, 0x00, 0x00, 
  0x00, 0x00, 0x00, 0x00, 0x00, 0x00, 0x7F, 0x4B, 0x9F, 0x53, 0x5F, 0x4B, 0x5F, 0x4B, 0x5F, 0x4B, 0x5F, 0x4B, 0x5F, 0x4B, 0x5F, 0x4B, 0x5F, 0x4B, 0x5F, 0x4B, 0x5F, 0x4B, 0x5F, 0x4B, 0x5F, 0x4B, 
  0x5F, 0x4B, 0x5F, 0x4B, 0x5F, 0x4B, 0x7F, 0x4B, 0x7F, 0x4B, 0x00, 0x00, 0x00, 0x00, 0x00, 0x00, 0x00, 0x00, 0x00, 0x00, 0x00, 0x00, 0x00, 0x00, 0x00, 0x00, 0x00, 0x00, 0x00, 0x00, 0x00, 0x00, 
  0x00, 0x00, 0x00, 0x00, 0x00, 0x00, 0x00, 0x00, 0x00, 0x00, 0x00, 0x00, 0x00, 0x00, 0x00, 0x00, 0x00, 0x00, 0x00, 0x00, 0x00, 0x00, 0x00, 0x00, 0x00, 0x00, 0x00, 0x00, 0x00, 0x00, 0x00, 0x00, 
  0x00, 0x00, 0x00, 0x00, 0x00, 0x00, 0x00, 0x00, 0x00, 0x00, 0x00, 0x00, 0x00, 0x00, 0x00, 0x00, 0x00, 0x00, 0x00, 0x00, 0x00, 0x00, 0x00, 0x00, 0x00, 0x00, 0x00, 0x00, 0x00, 0x00, 0x00, 0x00, 
  0x00, 0x00, 0x00, 0x00, 0x00, 0x00, 0x00, 0x00, 0x7F, 0x53, 0x7F, 0x4B, 0x5F, 0x4B, 0x5F, 0x4B, 0x5F, 0x4B, 0x5F, 0x4B, 0x5F, 0x4B, 0x5F, 0x4B, 0x5F, 0x4B, 0x5F, 0x4B, 0x5F, 0x4B, 0x5F, 0x4B, 
  0x7F, 0x4B, 0x9F, 0x53, 0x7F, 0x4B, 0x00, 0x00, 0x00, 0x00, 0x00, 0x00, 0x00, 0x00, 0x00, 0x00, 0x00, 0x00, 0x00, 0x00, 0x00, 0x00, 0x00, 0x00, 0x00, 0x00, 0x00, 0x00, 0x00, 0x00, 0x5F, 0x4B, 
  0x7F, 0x4B, 0x5F, 0x4B, 0x5F, 0x4B, 0x5F, 0x4B, 0x5F, 0x4B, 0x5F, 0x4B, 0x5F, 0x4B, 0x5F, 0x4B, 0x5F, 0x4B, 0x9F, 0x53, 0x7F, 0x4B, 0x00, 0x00, 0x00, 0x00, 0x00, 0x00, 0x00, 0x00, 0x00, 0x00, 
  0x00, 0x00, 0x00, 0x00, 0x00, 0x00, 0x00, 0x00, 0x00, 0x00, 0x00, 0x00, 0x7F, 0x4B, 0x9F, 0x53, 0x7F, 0x4B, 0x5F, 0x4B, 0x5F, 0x4B, 0x5F, 0x4B, 0x5F, 0x4B, 0x5F, 0x4B, 0x5F, 0x4B, 0x5F, 0x4B, 
  0x5F, 0x4B, 0x5F, 0x4B, 0x5F, 0x4B, 0x5F, 0x4B, 0x5F, 0x4B, 0x5F, 0x4B, 0x7F, 0x4B, 0x9F, 0x53, 0x5F, 0x4B, 0x7F, 0x4B, 0x00, 0x00, 0x00, 0x00, 0x00, 0x00, 0x00, 0x00, 0x00, 0x00, 0x00, 0x00, 
  0x00, 0x00, 0x00, 0x00, 0x00, 0x00, 0x00, 0x00, 0x00, 0x00, 0x00, 0x00, 0x00, 0x00, 0x00, 0x00, 0x00, 0x00, 0x00, 0x00, 0x00, 0x00, 0x00, 0x00, 0x00, 0x00, 0x00, 0x00, 0x00, 0x00, 0x00, 0x00, 
  0x00, 0x00, 0x00, 0x00, 0x00, 0x00, 0x00, 0x00, 0x00, 0x00, 0x00, 0x00, 0x00, 0x00, 0x00, 0x00, 0x00, 0x00, 0x00, 0x00, 0x00, 0x00, 0x00, 0x00, 0x00, 0x00, 0x00, 0x00, 0x00, 0x00, 0x00, 0x00, 
  0x00, 0x00, 0x00, 0x00, 0x00, 0x00, 0x00, 0x00, 0x00, 0x00, 0x00, 0x00, 0x00, 0x00, 0x7F, 0x53, 0x7F, 0x4B, 0x5F, 0x4B, 0x5F, 0x4B, 0x5F, 0x4B, 0x5F, 0x4B, 0x5F, 0x4B, 0x5F, 0x4B, 0x5F, 0x4B, 
  0x5F, 0x4B, 0x5F, 0x4B, 0x5F, 0x4B, 0x5F, 0x4B, 0x9F, 0x53, 0x7F, 0x4B, 0x5F, 0x4B, 0x00, 0x00, 0x00, 0x00, 0x00, 0x00, 0x00, 0x00, 0x00, 0x00, 0x00, 0x00, 0x00, 0x00, 0x00, 0x00, 0x00, 0x00, 
  0x00, 0x00, 0x7F, 0x4B, 0x7F, 0x4B, 0x5F, 0x4B, 0x5F, 0x4B, 0x5F, 0x4B, 0x5F, 0x4B, 0x5F, 0x4B, 0x5F, 0x4B, 0x5F, 0x4B, 0x5F, 0x4B, 0x5F, 0x4B, 0x7F, 0x53, 0x9F, 0x53, 0x7F, 0x4B, 0x00, 0x00, 
  0x00, 0x00, 0x00, 0x00, 0x00, 0x00, 0x00, 0x00, 0x00, 0x00, 0x00, 0x00, 0x00, 0x00, 0x00, 0x00, 0x00, 0x00, 0x7F, 0x4B, 0x9F, 0x53, 0x7F, 0x4B, 0x5F, 0x4B, 0x5F, 0x4B, 0x5F, 0x4B, 0x5F, 0x4B, 
  0x5F, 0x4B, 0x5F, 0x4B, 0x5F, 0x4B, 0x5F, 0x4B, 0x5F, 0x4B, 0x5F, 0x4B, 0x5F, 0x4B, 0x5F, 0x4B, 0x5F, 0x4B, 0x7F, 0x4B, 0x7F, 0x4B, 0x9F, 0x53, 0x7F, 0x53, 0x7F, 0x4B, 0x7F, 0x4B, 0x00, 0x00, 
  0x00, 0x00, 0x00, 0x00, 0x00, 0x00, 0x00, 0x00, 0x00, 0x00, 0x00, 0x00, 0x00, 0x00, 0x00, 0x00, 0x00, 0x00, 0x00, 0x00, 0x00, 0x00, 0x00, 0x00, 0x00, 0x00, 0x00, 0x00, 0x00, 0x00, 0x00, 0x00, 
  0x00, 0x00, 0x00, 0x00, 0x00, 0x00, 0x00, 0x00, 0x00, 0x00, 0x00, 0x00, 0x00, 0x00, 0x00, 0x00, 0x00, 0x00, 0x00, 0x00, 0x00, 0x00, 0x00, 0x00, 0x00, 0x00, 0x00, 0x00, 0x00, 0x00, 0x00, 0x00, 
  0x00, 0x00, 0x00, 0x00, 0x00, 0x00, 0x00, 0x00, 0x00, 0x00, 0x00, 0x00, 0x00, 0x00, 0x00, 0x00, 0x00, 0x00, 0x00, 0x00, 0x7F, 0x53, 0x7F, 0x4B, 0x5F, 0x4B, 0x5F, 0x4B, 0x5F, 0x4B, 0x5F, 0x4B, 
  0x5F, 0x4B, 0x5F, 0x4B, 0x5F, 0x4B, 0x5F, 0x4B, 0x5F, 0x4B, 0x5F, 0x4B, 0x5F, 0x4B, 0x7F, 0x4B, 0x9F, 0x53, 0x7F, 0x4B, 0x5F, 0x4B, 0x00, 0x00, 0x00, 0x00, 0x00, 0x00, 0x00, 0x00, 0x00, 0x00, 
  0x00, 0x00, 0x00, 0x00, 0x5F, 0x4B, 0x7F, 0x53, 0x5F, 0x4B, 0x5F, 0x4B, 0x5F, 0x4B, 0x5F, 0x4B, 0x5F, 0x4B, 0x5F, 0x4B, 0x5F, 0x4B, 0x5F, 0x4B, 0x5F, 0x4B, 0x5F, 0x4B, 0x5F, 0x4B, 0x7F, 0x4B, 
  0x9F, 0x53, 0x7F, 0x4B, 0x00, 0x00, 0x00, 0x00, 0x00, 0x00, 0x00, 0x00, 0x00, 0x00, 0x00, 0x00, 0x00, 0x00, 0x00, 0x00, 0x00, 0x00, 0x00, 0x00, 0x7F, 0x4B, 0x9F, 0x53, 0x7F, 0x4B, 0x5F, 0x4B, 
  0x5F, 0x4B, 0x5F, 0x4B, 0x5F, 0x4B, 0x5F, 0x4B, 0x5F, 0x4B, 0x5F, 0x4B, 0x5F, 0x4B, 0x5F, 0x4B, 0x5F, 0x4B, 0x5F, 0x4B, 0x5F, 0x4B, 0x5F, 0x4B, 0x5F, 0x4B, 0x5F, 0x4B, 0x7F, 0x4B, 0x9F, 0x53, 
  0xBF, 0x53, 0x7F, 0x4B, 0x5F, 0x4B, 0x00, 0x00, 0x00, 0x00, 0x00, 0x00, 0x00, 0x00, 0x00, 0x00, 0x00, 0x00, 0x00, 0x00, 0x00, 0x00, 0x00, 0x00, 0x00, 0x00, 0x00, 0x00, 0x00, 0x00, 0x00, 0x00, 
  0x00, 0x00, 0x00, 0x00, 0x00, 0x00, 0x00, 0x00, 0x00, 0x00, 0x00, 0x00, 0x00, 0x00, 0x00, 0x00, 0x00, 0x00, 0x00, 0x00, 0x00, 0x00, 0x00, 0x00, 0x00, 0x00, 0x00, 0x00, 0x00, 0x00, 0x00, 0x00, 
  0x00, 0x00, 0x00, 0x00, 0x00, 0x00, 0x00, 0x00, 0x00, 0x00, 0x00, 0x00, 0x00, 0x00, 0x00, 0x00, 0x00, 0x00, 0x00, 0x00, 0x00, 0x00, 0x00, 0x00, 0x00, 0x00, 0x9F, 0x53, 0x7F, 0x53, 0x5F, 0x4B, 
  0x5F, 0x4B, 0x5F, 0x4B, 0x5F, 0x4B, 0x5F, 0x4B, 0x5F, 0x4B, 0x5F, 0x4B, 0x5F, 0x4B, 0x5F, 0x4B, 0x5F, 0x4B, 0x5F, 0x4B, 0x5F, 0x4B, 0x7F, 0x4B, 0x9F, 0x53, 0x7F, 0x53, 0x5F, 0x4B, 0x5F, 0x4B, 
  0x5F, 0x4B, 0x5F, 0x4B, 0x5F, 0x4B, 0x7F, 0x4B, 0x7F, 0x4B, 0x5F, 0x4B, 0x5F, 0x4B, 0x5F, 0x4B, 0x5F, 0x4B, 0x5F, 0x4B, 0x5F, 0x4B, 0x5F, 0x4B, 0x5F, 0x4B, 0x5F, 0x4B, 0x5F, 0x4B, 0x5F, 0x4B, 
  0x5F, 0x4B, 0x5F, 0x4B, 0x5F, 0x4B, 0xBF, 0x53, 0x7F, 0x4B, 0x00, 0x00, 0x00, 0x00, 0x00, 0x00, 0x00, 0x00, 0x00, 0x00, 0x00, 0x00, 0x00, 0x00, 0x00, 0x00, 0x00, 0x00, 0x00, 0x00, 0x00, 0x00, 
  0x7F, 0x4B, 0x9F, 0x53, 0x5F, 0x4B, 0x5F, 0x4B, 0x5F, 0x4B, 0x5F, 0x4B, 0x5F, 0x4B, 0x5F, 0x4B, 0x5F, 0x4B, 0x5F, 0x4B, 0x5F, 0x4B, 0x5F, 0x4B, 0x5F, 0x4B, 0x5F, 0x4B, 0x5F, 0x4B, 0x5F, 0x4B, 
  0x5F, 0x4B, 0x5F, 0x4B, 0x5F, 0x4B, 0x7F, 0x4B, 0x9F, 0x53, 0x7F, 0x4B, 0x00, 0x00, 0x00, 0x00, 0x00, 0x00, 0x00, 0x00, 0x00, 0x00, 0x00, 0x00, 0x00, 0x00, 0x00, 0x00, 0x00, 0x00, 0x00, 0x00, 
  0x00, 0x00, 0x00, 0x00, 0x00, 0x00, 0x00, 0x00, 0x00, 0x00, 0x00, 0x00, 0x00, 0x00, 0x00, 0x00, 0x00, 0x00, 0x00, 0x00, 0x00, 0x00, 0x00, 0x00, 0x00, 0x00, 0x00, 0x00, 0x00, 0x00, 0x00, 0x00, 
  0x00, 0x00, 0x00, 0x00, 0x00, 0x00, 0x00, 0x00, 0x00, 0x00, 0x00, 0x00, 0x00, 0x00, 0x00, 0x00, 0x00, 0x00, 0x00, 0x00, 0x00, 0x00, 0x00, 0x00, 0x00, 0x00, 0x00, 0x00, 0x00, 0x00, 0x00, 0x00, 
  0x7F, 0x4B, 0x9F, 0x53, 0x5F, 0x4B, 0x5F, 0x4B, 0x5F, 0x4B, 0x5F, 0x4B, 0x5F, 0x4B, 0x5F, 0x4B, 0x5F, 0x4B, 0x5F, 0x4B, 0x5F, 0x4B, 0x5F, 0x4B, 0x5F, 0x4B, 0x5F, 0x4B, 0x5F, 0x4B, 0x7F, 0x4B, 
  0x7F, 0x4B, 0x7F, 0x53, 0x9F, 0x53, 0x9F, 0x53, 0x7F, 0x53, 0x7F, 0x4B, 0x5F, 0x4B, 0x5F, 0x4B, 0x5F, 0x4B, 0x5F, 0x4B, 0x5F, 0x4B, 0x5F, 0x4B, 0x5F, 0x4B, 0x5F, 0x4B, 0x5F, 0x4B, 0x5F, 0x4B, 
  0x5F, 0x4B, 0x5F, 0x4B, 0x5F, 0x4B, 0x5F, 0x4B, 0x5F, 0x4B, 0x5F, 0x4B, 0x7F, 0x53, 0x9F, 0x53, 0x7F, 0x4B, 0x00, 0x00, 0x00, 0x00, 0x00, 0x00, 0x00, 0x00, 0x00, 0x00, 0x00, 0x00, 0x00, 0x00, 
  0x00, 0x00, 0x00, 0x00, 0x00, 0x00, 0x7F, 0x4B, 0x7F, 0x4B, 0x5F, 0x4B, 0x5F, 0x4B, 0x5F, 0x4B, 0x5F, 0x4B, 0x5F, 0x4B, 0x5F, 0x4B, 0x5F, 0x4B, 0x5F, 0x4B, 0x5F, 0x4B, 0x5F, 0x4B, 0x5F, 0x4B, 
  0x5F, 0x4B, 0x5F, 0x4B, 0x5F, 0x4B, 0x5F, 0x4B, 0x5F, 0x4B, 0x5F, 0x4B, 0x5F, 0x4B, 0x9F, 0x53, 0x7F, 0x4B, 0x00, 0x00, 0x00, 0x00, 0x00, 0x00, 0x00, 0x00, 0x00, 0x00, 0x00, 0x00, 0x00, 0x00, 
  0x00, 0x00, 0x00, 0x00, 0x00, 0x00, 0x00, 0x00, 0x00, 0x00, 0x00, 0x00, 0x00, 0x00, 0x00, 0x00, 0x00, 0x00, 0x00, 0x00, 0x00, 0x00, 0x00, 0x00, 0x00, 0x00, 0x00, 0x00, 0x00, 0x00, 0x00, 0x00, 
  0x00, 0x00, 0x00, 0x00, 0x00, 0x00, 0x00, 0x00, 0x00, 0x00, 0x00, 0x00, 0x00, 0x00, 0x00, 0x00, 0x00, 0x00, 0x00, 0x00, 0x00, 0x00, 0x00, 0x00, 0x00, 0x00, 0x00, 0x00, 0x00, 0x00, 0x00, 0x00, 
  0x00, 0x00, 0x00, 0x00, 0x00, 0x00, 0x7F, 0x4B, 0x9F, 0x53, 0x5F, 0x4B, 0x5F, 0x4B, 0x5F, 0x4B, 0x5F, 0x4B, 0x5F, 0x4B, 0x5F, 0x4B, 0x5F, 0x4B, 0x5F, 0x4B, 0x5F, 0x4B, 0x5F, 0x4B, 0x5F, 0x4B, 
  0x5F, 0x4B, 0x5F, 0x4B, 0x5F, 0x4B, 0x5F, 0x4B, 0x5F, 0x4B, 0x5F, 0x4B, 0x5F, 0x4B, 0x5F, 0x4B, 0x5F, 0x4B, 0x5F, 0x4B, 0x5F, 0x4B, 0x5F, 0x4B, 0x5F, 0x4B, 0x5F, 0x4B, 0x5F, 0x4B, 0x5F, 0x4B, 
  0x5F, 0x4B, 0x5F, 0x4B, 0x5F, 0x4B, 0x5F, 0x4B, 0x5F, 0x4B, 0x5F, 0x4B, 0x5F, 0x4B, 0x5F, 0x4B, 0x5F, 0x4B, 0x7F, 0x4B, 0x9F, 0x53, 0x7F, 0x53, 0x5F, 0x4B, 0x7F, 0x4B, 0x5F, 0x4B, 0x00, 0x00, 
  0x00, 0x00, 0x00, 0x00, 0x00, 0x00, 0x00, 0x00, 0x00, 0x00, 0x00, 0x00, 0x7F, 0x4B, 0x9F, 0x53, 0x9F, 0x53, 0x7F, 0x4B, 0x5F, 0x4B, 0x5F, 0x4B, 0x5F, 0x4B, 0x5F, 0x4B, 0x5F, 0x4B, 0x5F, 0x4B, 
  0x5F, 0x4B, 0x5F, 0x4B, 0x5F, 0x4B, 0x5F, 0x4B, 0x5F, 0x4B, 0x5F, 0x4B, 0x5F, 0x4B, 0x5F, 0x4B, 0x5F, 0x4B, 0x9F, 0x53, 0x5F, 0x4B, 0x00, 0x00, 0x00, 0x00, 0x00, 0x00, 0x00, 0x00, 0x00, 0x00, 
  0x00, 0x00, 0x00, 0x00, 0x00, 0x00, 0x00, 0x00, 0x00, 0x00, 0x00, 0x00, 0x00, 0x00, 0x00, 0x00, 0x00, 0x00, 0x00, 0x00, 0x00, 0x00, 0x00, 0x00, 0x00, 0x00, 0x00, 0x00, 0x00, 0x00, 0x00, 0x00, 
  0x00, 0x00, 0x00, 0x00, 0x00, 0x00, 0x00, 0x00, 0x00, 0x00, 0x00, 0x00, 0x00, 0x00, 0x00, 0x00, 0x00, 0x00, 0x00, 0x00, 0x00, 0x00, 0x00, 0x00, 0x00, 0x00, 0x00, 0x00, 0x00, 0x00, 0x00, 0x00, 
  0x00, 0x00, 0x00, 0x00, 0x00, 0x00, 0x00, 0x00, 0x00, 0x00, 0x00, 0x00, 0x7F, 0x4B, 0x9F, 0x53, 0x7F, 0x4B, 0x5F, 0x4B, 0x5F, 0x4B, 0x5F, 0x4B, 0x5F, 0x4B, 0x5F, 0x4B, 0x5F, 0x4B, 0x5F, 0x4B, 
  0x5F, 0x4B, 0x5F, 0x4B, 0x5F, 0x4B, 0x5F, 0x4B, 0x5F, 0x4B, 0x5F, 0x4B, 0x5F, 0x4B, 0x5F, 0x4B, 0x5F, 0x4B, 0x5F, 0x4B, 0x5F, 0x4B, 0x5F, 0x4B, 0x5F, 0x4B, 0x5F, 0x4B, 0x5F, 0x4B, 0x5F, 0x4B, 
  0x5F, 0x4B, 0x5F, 0x4B, 0x5F, 0x4B, 0x5F, 0x4B, 0x5F, 0x4B, 0x5F, 0x4B, 0x5F, 0x4B, 0x5F, 0x4B, 0x5F, 0x4B, 0x5F, 0x4B, 0x5F, 0x4B, 0x5F, 0x4B, 0x5F, 0x4B, 0x7F, 0x4B, 0x7F, 0x4B, 0x9F, 0x53, 
  0x9F, 0x53, 0x7F, 0x53, 0x5F, 0x4B, 0x5F, 0x4B, 0x5F, 0x4B, 0x5F, 0x4B, 0x5F, 0x4B, 0x5F, 0x4B, 0x9F, 0x53, 0x5F, 0x4B, 0x5F, 0x4B, 0x5F, 0x4B, 0x9F, 0x53, 0x9F, 0x53, 0x7F, 0x53, 0x7F, 0x4B, 
  0x7F, 0x4B, 0x7F, 0x4B, 0x5F, 0x4B, 0x5F, 0x4B, 0x5F, 0x4B, 0x5F, 0x4B, 0x7F, 0x4B, 0x7F, 0x4B, 0x7F, 0x4B, 0x7F, 0x4B, 0x9F, 0x53, 0x9F, 0x53, 0x00, 0x00, 0x00, 0x00, 0x00, 0x00, 0x00, 0x00, 
  0x00, 0x00, 0x00, 0x00, 0x00, 0x00, 0x00, 0x00, 0x00, 0x00, 0x00, 0x00, 0x00, 0x00, 0x00, 0x00, 0x00, 0x00, 0x00, 0x00, 0x00, 0x00, 0x00, 0x00, 0x00, 0x00, 0x00, 0x00, 0x00, 0x00, 0x00, 0x00, 
  0x00, 0x00, 0x00, 0x00, 0x00, 0x00, 0x00, 0x00, 0x00, 0x00, 0x00, 0x00, 0x00, 0x00, 0x00, 0x00, 0x00, 0x00, 0x00, 0x00, 0x00, 0x00, 0x00, 0x00, 0x00, 0x00, 0x00, 0x00, 0x00, 0x00, 0x00, 0x00, 
  0x00, 0x00, 0x00, 0x00, 0x00, 0x00, 0x00, 0x00, 0x00, 0x00, 0x00, 0x00, 0x00, 0x00, 0x00, 0x00, 0x00, 0x00, 0x7F, 0x4B, 0x7F, 0x4B, 0x9F, 0x53, 0x5F, 0x4B, 0x5F, 0x4B, 0x5F, 0x4B, 0x5F, 0x4B, 
  0x5F, 0x4B, 0x5F, 0x4B, 0x5F, 0x4B, 0x5F, 0x4B, 0x5F, 0x4B, 0x5F, 0x4B, 0x5F, 0x4B, 0x5F, 0x4B, 0x5F, 0x4B, 0x5F, 0x4B, 0x5F, 0x4B, 0x5F, 0x4B, 0x5F, 0x4B, 0x5F, 0x4B, 0x5F, 0x4B, 0x5F, 0x4B, 
  0x5F, 0x4B, 0x5F, 0x4B, 0x5F, 0x4B, 0x5F, 0x4B, 0x5F, 0x4B, 0x5F, 0x4B, 0x5F, 0x4B, 0x5F, 0x4B, 0x5F, 0x4B, 0x5F, 0x4B, 0x5F, 0x4B, 0x5F, 0x4B, 0x5F, 0x4B, 0x5F, 0x4B, 0x5F, 0x4B, 0x5F, 0x4B, 
  0x5F, 0x4B, 0x5F, 0x4B, 0x5F, 0x4B, 0x7F, 0x4B, 0x7F, 0x4B, 0x7F, 0x4B, 0x7F, 0x4B, 0x7F, 0x4B, 0x9F, 0x53, 0x9F, 0x53, 0x5F, 0x4B, 0x00, 0x00, 0x00, 0x00, 0x00, 0x00, 0x00, 0x00, 0x5F, 0x4B, 
  0x5F, 0x4B, 0x7F, 0x4B, 0x5F, 0x4B, 0x7F, 0x53, 0x9F, 0x53, 0xBF, 0x53, 0xBF, 0x53, 0xBF, 0x53, 0x7F, 0x53, 0x5F, 0x4B, 0x5F, 0x4B, 0x5F, 0x4B, 0x7F, 0x4B, 0x00, 0x00, 0x00, 0x00, 0x00, 0x00, 
  0x00, 0x00, 0x00, 0x00, 0x00, 0x00, 0x00, 0x00, 0x00, 0x00, 0x00, 0x00, 0x00, 0x00, 0x00, 0x00, 0x00, 0x00, 0x00, 0x00, 0x00, 0x00, 0x00, 0x00, 0x00, 0x00, 0x00, 0x00, 0x00, 0x00, 0x00, 0x00, 
  0x00, 0x00, 0x00, 0x00, 0x00, 0x00, 0x00, 0x00, 0x00, 0x00, 0x00, 0x00, 0x00, 0x00, 0x00, 0x00, 0x00, 0x00, 0x00, 0x00, 0x00, 0x00, 0x00, 0x00, 0x00, 0x00, 0x00, 0x00, 0x00, 0x00, 0x00, 0x00, 
  0x00, 0x00, 0x00, 0x00, 0x00, 0x00, 0x00, 0x00, 0x00, 0x00, 0x00, 0x00, 0x00, 0x00, 0x00, 0x00, 0x00, 0x00, 0x00, 0x00, 0x00, 0x00, 0x00, 0x00, 0x00, 0x00, 0x7F, 0x4B, 0x9F, 0x53, 0x7F, 0x53, 
  0x5F, 0x4B, 0x5F, 0x4B, 0x5F, 0x4B, 0x5F, 0x4B, 0x5F, 0x4B, 0x5F, 0x4B, 0x5F, 0x4B, 0x5F, 0x4B, 0x5F, 0x4B, 0x5F, 0x4B, 0x5F, 0x4B, 0x5F, 0x4B, 0x5F, 0x4B, 0x5F, 0x4B, 0x5F, 0x4B, 0x5F, 0x4B, 
  0x5F, 0x4B, 0x5F, 0x4B, 0x5F, 0x4B, 0x5F, 0x4B, 0x5F, 0x4B, 0x5F, 0x4B, 0x5F, 0x4B, 0x5F, 0x4B, 0x5F, 0x4B, 0x5F, 0x4B, 0x5F, 0x4B, 0x5F, 0x4B, 0x5F, 0x4B, 0x5F, 0x4B, 0x5F, 0x4B, 0x5F, 0x4B, 
  0x5F, 0x4B, 0x5F, 0x4B, 0x5F, 0x4B, 0x5F, 0x4B, 0x5F, 0x4B, 0x5F, 0x4B, 0x5F, 0x4B, 0x5F, 0x4B, 0x7F, 0x4B, 0x9F, 0x53, 0x7F, 0x4B, 0x00, 0x00, 0x00, 0x00, 0x00, 0x00, 0x00, 0x00, 0x00, 0x00, 
  0x00, 0x00, 0x00, 0x00, 0x00, 0x00, 0x00, 0x00, 0x00, 0x00, 0x00, 0x00, 0x00, 0x00, 0x00, 0x00, 0x00, 0x00, 0x00, 0x00, 0x00, 0x00, 0x00, 0x00, 0x00, 0x00, 0x00, 0x00, 0x00, 0x00, 0x00, 0x00, 
  0x00, 0x00, 0x00, 0x00, 0x00, 0x00, 0x00, 0x00, 0x00, 0x00, 0x00, 0x00, 0x00, 0x00, 0x00, 0x00, 0x00, 0x00, 0x00, 0x00, 0x00, 0x00, 0x00, 0x00, 0x00, 0x00, 0x00, 0x00, 0x00, 0x00, 0x00, 0x00, 
  0x00, 0x00, 0x00, 0x00, 0x00, 0x00, 0x00, 0x00, 0x00, 0x00, 0x00, 0x00, 0x00, 0x00, 0x00, 0x00, 0x00, 0x00, 0x00, 0x00, 0x00, 0x00, 0x00, 0x00, 0x00, 0x00, 0x00, 0x00, 0x00, 0x00, 0x00, 0x00, 
  0x00, 0x00, 0x00, 0x00, 0x00, 0x00, 0x00, 0x00, 0x00, 0x00, 0x00, 0x00, 0x00, 0x00, 0x00, 0x00, 0x00, 0x00, 0x00, 0x00, 0x00, 0x00, 0x00, 0x00, 0x00, 0x00, 0x00, 0x00, 0x00, 0x00, 0x00, 0x00, 
  0x00, 0x00, 0x7F, 0x4B, 0x9F, 0x53, 0x7F, 0x4B, 0x5F, 0x4B, 0x5F, 0x4B, 0x5F, 0x4B, 0x5F, 0x4B, 0x5F, 0x4B, 0x5F, 0x4B, 0x5F, 0x4B, 0x5F, 0x4B, 0x5F, 0x4B, 0x5F, 0x4B, 0x5F, 0x4B, 0x5F, 0x4B, 
  0x5F, 0x4B, 0x5F, 0x4B, 0x5F, 0x4B, 0x5F, 0x4B, 0x5F, 0x4B, 0x5F, 0x4B, 0x5F, 0x4B, 0x5F, 0x4B, 0x5F, 0x4B, 0x5F, 0x4B, 0x5F, 0x4B, 0x5F, 0x4B, 0x5F, 0x4B, 0x5F, 0x4B, 0x5F, 0x4B, 0x5F, 0x4B, 
  0x5F, 0x4B, 0x5F, 0x4B, 0x5F, 0x4B, 0x5F, 0x4B, 0x5F, 0x4B, 0x5F, 0x4B, 0x5F, 0x4B, 0x5F, 0x4B, 0x5F, 0x4B, 0x7F, 0x53, 0x9F, 0x53, 0x5F, 0x4B, 0x00, 0x00, 0x00, 0x00, 0x00, 0x00, 0x00, 0x00, 
  0x00, 0x00, 0x00, 0x00, 0x00, 0x00, 0x00, 0x00, 0x00, 0x00, 0x00, 0x00, 0x00, 0x00, 0x00, 0x00, 0x00, 0x00, 0x00, 0x00, 0x00, 0x00, 0x00, 0x00, 0x00, 0x00, 0x00, 0x00, 0x00, 0x00, 0x00, 0x00, 
  0x00, 0x00, 0x00, 0x00, 0x00, 0x00, 0x00, 0x00, 0x00, 0x00, 0x00, 0x00, 0x00, 0x00, 0x00, 0x00, 0x00, 0x00, 0x00, 0x00, 0x00, 0x00, 0x00, 0x00, 0x00, 0x00, 0x00, 0x00, 0x00, 0x00, 0x00, 0x00, 
  0x00, 0x00, 0x00, 0x00, 0x00, 0x00, 0x00, 0x00, 0x00, 0x00, 0x00, 0x00, 0x00, 0x00, 0x00, 0x00, 0x00, 0x00, 0x00, 0x00, 0x00, 0x00, 0x00, 0x00, 0x00, 0x00, 0x00, 0x00, 0x00, 0x00, 0x00, 0x00, 
  0x00, 0x00, 0x00, 0x00, 0x00, 0x00, 0x00, 0x00, 0x00, 0x00, 0x00, 0x00, 0x00, 0x00, 0x00, 0x00, 0x00, 0x00, 0x00, 0x00, 0x00, 0x00, 0x00, 0x00, 0x00, 0x00, 0x00, 0x00, 0x00, 0x00, 0x00, 0x00, 
  0x00, 0x00, 0x00, 0x00, 0x00, 0x00, 0x00, 0x00, 0x5F, 0x4B, 0x7F, 0x4B, 0x9F, 0x53, 0x7F, 0x53, 0x5F, 0x4B, 0x5F, 0x4B, 0x5F, 0x4B, 0x5F, 0x4B, 0x5F, 0x4B, 0x5F, 0x4B, 0x5F, 0x4B, 0x5F, 0x4B, 
  0x5F, 0x4B, 0x5F, 0x4B, 0x5F, 0x4B, 0x5F, 0x4B, 0x5F, 0x4B, 0x5F, 0x4B, 0x5F, 0x4B, 0x5F, 0x4B, 0x5F, 0x4B, 0x5F, 0x4B, 0x5F, 0x4B, 0x5F, 0x4B, 0x5F, 0x4B, 0x5F, 0x4B, 0x5F, 0x4B, 0x5F, 0x4B, 
  0x5F, 0x4B, 0x5F, 0x4B, 0x5F, 0x4B, 0x5F, 0x4B, 0x5F, 0x4B, 0x5F, 0x4B, 0x5F, 0x4B, 0x5F, 0x4B, 0x5F, 0x4B, 0x7F, 0x53, 0xBF, 0x53, 0x7F, 0x4B, 0x00, 0x00, 0x00, 0x00, 0x00, 0x00, 0x00, 0x00, 
  0x00, 0x00, 0x00, 0x00, 0x00, 0x00, 0x00, 0x00, 0x00, 0x00, 0x00, 0x00, 0x00, 0x00, 0x00, 0x00, 0x00, 0x00, 0x00, 0x00, 0x00, 0x00, 0x00, 0x00, 0x00, 0x00, 0x00, 0x00, 0x00, 0x00, 0x00, 0x00, 
  0x00, 0x00, 0x00, 0x00, 0x00, 0x00, 0x00, 0x00, 0x00, 0x00, 0x00, 0x00, 0x00, 0x00, 0x00, 0x00, 0x00, 0x00, 0x00, 0x00, 0x00, 0x00, 0x00, 0x00, 0x00, 0x00, 0x00, 0x00, 0x00, 0x00, 0x00, 0x00, 
  0x00, 0x00, 0x00, 0x00, 0x00, 0x00, 0x00, 0x00, 0x00, 0x00, 0x00, 0x00, 0x00, 0x00, 0x00, 0x00, 0x00, 0x00, 0x00, 0x00, 0x00, 0x00, 0x00, 0x00, 0x00, 0x00, 0x00, 0x00, 0x00, 0x00, 0x00, 0x00, 
  0x00, 0x00, 0x00, 0x00, 0x00, 0x00, 0x00, 0x00, 0x00, 0x00, 0x00, 0x00, 0x00, 0x00, 0x00, 0x00, 0x00, 0x00, 0x00, 0x00, 0x00, 0x00, 0x00, 0x00, 0x00, 0x00, 0x00, 0x00, 0x00, 0x00, 0x00, 0x00, 
  0x00, 0x00, 0x00, 0x00, 0x00, 0x00, 0x00, 0x00, 0x00, 0x00, 0x00, 0x00, 0x00, 0x00, 0x00, 0x00, 0x5F, 0x4B, 0x5F, 0x4B, 0x9F, 0x53, 0x9F, 0x53, 0x7F, 0x4B, 0x5F, 0x4B, 0x5F, 0x4B, 0x5F, 0x4B, 
  0x5F, 0x4B, 0x5F, 0x4B, 0x5F, 0x4B, 0x5F, 0x4B, 0x5F, 0x4B, 0x5F, 0x4B, 0x5F, 0x4B, 0x5F, 0x4B, 0x5F, 0x4B, 0x5F, 0x4B, 0x5F, 0x4B, 0x5F, 0x4B, 0x5F, 0x4B, 0x5F, 0x4B, 0x5F, 0x4B, 0x5F, 0x4B, 
  0x5F, 0x4B, 0x5F, 0x4B, 0x5F, 0x4B, 0x5F, 0x4B, 0x5F, 0x4B, 0x5F, 0x4B, 0x5F, 0x4B, 0x5F, 0x4B, 0x7F, 0x4B, 0x9F, 0x53, 0x9F, 0x53, 0x5F, 0x4B, 0x7F, 0x4B, 0x00, 0x00, 0x00, 0x00, 0x00, 0x00, 
  0x00, 0x00, 0x00, 0x00, 0x00, 0x00, 0x00, 0x00, 0x00, 0x00, 0x00, 0x00, 0x00, 0x00, 0x00, 0x00, 0x00, 0x00, 0x00, 0x00, 0x00, 0x00, 0x00, 0x00, 0x00, 0x00, 0x00, 0x00, 0x00, 0x00, 0x00, 0x00, 
  0x00, 0x00, 0x00, 0x00, 0x00, 0x00, 0x00, 0x00, 0x00, 0x00, 0x00, 0x00, 0x00, 0x00, 0x00, 0x00, 0x00, 0x00, 0x00, 0x00, 0x00, 0x00, 0x00, 0x00, 0x00, 0x00, 0x00, 0x00, 0x00, 0x00, 0x00, 0x00, 
  0x00, 0x00, 0x00, 0x00, 0x00, 0x00, 0x00, 0x00, 0x00, 0x00, 0x00, 0x00, 0x00, 0x00, 0x00, 0x00, 0x00, 0x00, 0x00, 0x00, 0x00, 0x00, 0x00, 0x00, 0x00, 0x00, 0x00, 0x00, 0x00, 0x00, 0x00, 0x00, 
  0x00, 0x00, 0x00, 0x00, 0x00, 0x00, 0x00, 0x00, 0x00, 0x00, 0x00, 0x00, 0x00, 0x00, 0x00, 0x00, 0x00, 0x00, 0x00, 0x00, 0x00, 0x00, 0x00, 0x00, 0x00, 0x00, 0x00, 0x00, 0x00, 0x00, 0x00, 0x00, 
  0x00, 0x00, 0x00, 0x00, 0x00, 0x00, 0x00, 0x00, 0x00, 0x00, 0x00, 0x00, 0x00, 0x00, 0x00, 0x00, 0x00, 0x00, 0x00, 0x00, 0x00, 0x00, 0x00, 0x00, 0x00, 0x00, 0x7F, 0x4B, 0x7F, 0x4B, 0x9F, 0x53, 
  0x9F, 0x53, 0x7F, 0x4B, 0x7F, 0x4B, 0x5F, 0x4B, 0x5F, 0x4B, 0x5F, 0x4B, 0x5F, 0x4B, 0x5F, 0x4B, 0x5F, 0x4B, 0x5F, 0x4B, 0x5F, 0x4B, 0x5F, 0x4B, 0x5F, 0x4B, 0x5F, 0x4B, 0x5F, 0x4B, 0x5F, 0x4B, 
  0x5F, 0x4B, 0x5F, 0x4B, 0x5F, 0x4B, 0x5F, 0x4B, 0x5F, 0x4B, 0x5F, 0x4B, 0x7F, 0x4B, 0x7F, 0x4B, 0x9F, 0x53, 0x9F, 0x53, 0x7F, 0x4B, 0x7F, 0x4B, 0x00, 0x00, 0x00, 0x00, 0x00, 0x00, 0x00, 0x00, 
  0x00, 0x00, 0x00, 0x00, 0x00, 0x00, 0x00, 0x00, 0x00, 0x00, 0x00, 0x00, 0x00, 0x00, 0x00, 0x00, 0x00, 0x00, 0x00, 0x00, 0x00, 0x00, 0x00, 0x00, 0x00, 0x00, 0x00, 0x00, 0x00, 0x00, 0x00, 0x00, 
  0x00, 0x00, 0x00, 0x00, 0x00, 0x00, 0x00, 0x00, 0x00, 0x00, 0x00, 0x00, 0x00, 0x00, 0x00, 0x00, 0x00, 0x00, 0x00, 0x00, 0x00, 0x00, 0x00, 0x00, 0x00, 0x00, 0x00, 0x00, 0x00, 0x00, 0x00, 0x00, 
  0x00, 0x00, 0x00, 0x00, 0x00, 0x00, 0x00, 0x00, 0x00, 0x00, 0x00, 0x00, 0x00, 0x00, 0x00, 0x00, 0x00, 0x00, 0x00, 0x00, 0x00, 0x00, 0x00, 0x00, 0x00, 0x00, 0x00, 0x00, 0x00, 0x00, 0x00, 0x00, 
  0x00, 0x00, 0x00, 0x00, 0x00, 0x00, 0x00, 0x00, 0x00, 0x00, 0x00, 0x00, 0x00, 0x00, 0x00, 0x00, 0x00, 0x00, 0x00, 0x00, 0x00, 0x00, 0x00, 0x00, 0x00, 0x00, 0x00, 0x00, 0x00, 0x00, 0x00, 0x00, 
  0x00, 0x00, 0x00, 0x00, 0x00, 0x00, 0x00, 0x00, 0x00, 0x00, 0x00, 0x00, 0x00, 0x00, 0x00, 0x00, 0x00, 0x00, 0x00, 0x00, 0x00, 0x00, 0x00, 0x00, 0x00, 0x00, 0x00, 0x00, 0x00, 0x00, 0x00, 0x00, 
  0x00, 0x00, 0x00, 0x00, 0x5F, 0x4B, 0x7F, 0x4B, 0x9F, 0x53, 0xBF, 0x53, 0x9F, 0x53, 0x7F, 0x53, 0x7F, 0x4B, 0x7F, 0x4B, 0x7F, 0x4B, 0x7F, 0x4B, 0x7F, 0x4B, 0x7F, 0x4B, 0x7F, 0x4B, 0x7F, 0x4B, 
  0x7F, 0x4B, 0x7F, 0x4B, 0x7F, 0x4B, 0x7F, 0x4B, 0x7F, 0x4B, 0x9F, 0x53, 0x9F, 0x53, 0xBF, 0x53, 0x7F, 0x53, 0x5F, 0x4B, 0x5F, 0x4B, 0x5F, 0x4B, 0x00, 0x00, 0x00, 0x00, 0x00, 0x00, 0x00, 0x00, 
  0x00, 0x00, 0x00, 0x00, 0x00, 0x00, 0x00, 0x00, 0x00, 0x00, 0x00, 0x00, 0x00, 0x00, 0x00, 0x00, 0x00, 0x00, 0x00, 0x00, 0x00, 0x00, 0x00, 0x00, 0x00, 0x00, 0x00, 0x00, 0x00, 0x00, 0x00, 0x00, 
  0x00, 0x00, 0x00, 0x00, 0x00, 0x00, 0x00, 0x00, 0x00, 0x00, 0x00, 0x00, 0x00, 0x00, 0x00, 0x00, 0x00, 0x00, 0x00, 0x00, 0x00, 0x00, 0x00, 0x00, 0x00, 0x00, 0x00, 0x00, 0x00, 0x00, 0x00, 0x00, 
  0x00, 0x00, 0x00, 0x00, 0x00, 0x00, 0x00, 0x00, 0x00, 0x00, 0x00, 0x00, 0x00, 0x00, 0x00, 0x00, 0x00, 0x00, 0x00, 0x00, 0x00, 0x00, 0x00, 0x00, 0x00, 0x00, 0x00, 0x00, 0x00, 0x00, 0x00, 0x00, 
  0x00, 0x00, 0x00, 0x00, 0x00, 0x00, 0x00, 0x00, 0x00, 0x00, 0x00, 0x00, 0x00, 0x00, 0x00, 0x00, 0x00, 0x00, 0x00, 0x00, 0x00, 0x00, 0x00, 0x00, 0x00, 0x00, 0x00, 0x00, 0x00, 0x00, 0x00, 0x00, 
  0x00, 0x00, 0x00, 0x00, 0x00, 0x00, 0x00, 0x00, 0x00, 0x00, 0x00, 0x00, 0x00, 0x00, 0x00, 0x00, 0x00, 0x00, 0x00, 0x00, 0x00, 0x00, 0x00, 0x00, 0x00, 0x00, 0x00, 0x00, 0x00, 0x00, 0x00, 0x00, 
  0x00, 0x00, 0x00, 0x00, 0x00, 0x00, 0x00, 0x00, 0x00, 0x00, 0x00, 0x00, 0x00, 0x00, 0x00, 0x00, 0x5F, 0x4B, 0x5F, 0x4B, 0x5F, 0x4B, 0x5F, 0x4B, 0x5F, 0x4B, 0x5F, 0x4B, 0x5F, 0x4B, 0x5F, 0x4B, 
  0x5F, 0x4B, 0x5F, 0x4B, 0x5F, 0x4B, 0x5F, 0x4B, 0x5F, 0x4B, 0x7F, 0x4B, 0x5F, 0x4B, 0x5F, 0x4B, 0x7F, 0x4B, 0x00, 0x00, 0x00, 0x00, 0x00, 0x00, 0x00, 0x00, 0x00, 0x00, 0x00, 0x00, 0x00, 0x00, 
  0x00, 0x00, 0x00, 0x00, 0x00, 0x00, 0x00, 0x00, 0x00, 0x00, 0x00, 0x00, 0x00, 0x00, 0x00, 0x00, 0x00, 0x00, 0x00, 0x00, 0x00, 0x00, 0x00, 0x00, 0x00, 0x00, 0x00, 0x00, 0x00, 0x00, 0x00, 0x00, 
  0x00, 0x00, 0x00, 0x00, 0x00, 0x00, 0x00, 0x00, 0x00, 0x00, 0x00, 0x00, 0x00, 0x00, 0x00, 0x00, 0x00, 0x00, 0x00, 0x00, 0x00, 0x00, 0x00, 0x00, 0x00, 0x00, 0x00, 0x00, 0x00, 0x00, 0x00, 0x00, 
  0x00, 0x00, 0x00, 0x00, 0x00, 0x00, 0x00, 0x00, 0x00, 0x00, 0x00, 0x00, 0x00, 0x00, 0x00, 0x00, 0x00, 0x00, 0x00, 0x00, 0x00, 0x00, 0x00, 0x00, 0x00, 0x00, 0x00, 0x00, 0x00, 0x00, 0x00, 0x00, 
  0x00, 0x00, 0x00, 0x00, 0x00, 0x00, 0x00, 0x00, 0x00, 0x00, 0x00, 0x00, 
};

const lv_image_dsc_t DEEPSEEK_basic = {
  .header.cf = LV_COLOR_FORMAT_RGB565,
  .header.magic = LV_IMAGE_HEADER_MAGIC,
  .header.w = 114,
  .header.h = 83,
  .data_size = 9462 * 2,
  .data = DEEPSEEK_basic_map,
};
